-12.75,-23.85
15.50,-30.50
24.00,-59.84
23.50,-35.50
18.50,1.50
23.00,-64.52
34.24,-66.73
39.27,-50.76
75.50,-9.00
-12.75,-23.85
15.50,-30.50
24.00,-59.84
23.50,-35.50
18.50,1.50
23.76,-63.16
34.24,-66.73
39.27,-50.76
75.50,-9.00
-12.75,-23.85
15.50,-30.50
24.00,-59.84
23.50,-35.50
18.50,1.50
18.80,-66.61
34.49,-67.76
39.27,-50.76
75.50,-9.00
-12.75,-23.85
15.50,-30.50
24.00,-59.84
23.50,-35.50
18.50,1.50
25.50,-65.99
34.39,-67.35
39.27,-50.76
75.50,-9.00
-12.75,-23.85
15.50,-30.50
24.00,-59.84
23.50,-35.50
18.50,1.50
24.76,-66.37
34.36,-67.26
39.27,-50.76
75.50,-9.00
-8.61,-23.32
15.50,-30.50
24.00,-59.84
23.50,-35.50
18.50,1.50
24.70,-66.07
34.36,-67.26
39.27,-50.76
75.50,-9.00
2.14,-26.77
15.50,-30.50
24.00,-59.84
23.50,-35.50
18.50,1.50
24.41,-66.56
34.36,-67.26
39.27,-50.76
75.50,-9.00
13.37,-33.62
15.50,-30.50
24.00,-59.84
23.50,-35.50
18.50,1.50
24.46,-66.42
34.36,-67.26
39.27,-50.76
75.50,-9.00
23.67,-43.12
15.50,-30.50
24.00,-59.84
23.50,-35.50
18.50,1.50
24.46,-66.42
34.36,-67.26
39.27,-50.76
75.50,-9.00
30.94,-52.00
15.50,-30.50
24.00,-59.84
23.50,-35.50
18.50,1.50
24.46,-66.42
34.36,-67.26
39.27,-50.76
75.50,-9.00
52.00,-73.88
15.50,-30.50
24.00,-59.84
23.50,-35.50
18.50,1.50
24.46,-66.42
34.36,-67.26
39.27,-50.76
75.50,-9.00
15.50,-30.50
24.00,-59.84
23.50,-35.50
18.50,1.50
24.46,-66.42
34.47,-67.68
39.27,-50.76
75.50,-9.00
15.50,-30.50
24.00,-59.84
23.50,-35.50
18.50,1.50
24.46,-66.42
34.39,-67.38
39.27,-50.76
75.50,-9.00
15.50,-30.50
24.00,-59.84
23.50,-35.50
18.50,1.50
24.46,-66.42
34.36,-67.29
39.27,-50.76
75.50,-9.00
15.50,-30.50
24.00,-59.84
23.50,-35.50
18.50,1.50
24.46,-66.42
34.36,-67.29
39.27,-50.76
75.50,-9.00
15.50,-30.50
24.00,-59.84
23.50,-35.50
18.50,1.50
24.46,-66.42
34.37,-67.30
39.27,-50.76
75.50,-9.00
15.50,-30.50
24.00,-59.84
23.50,-35.50
18.50,1.50
24.46,-66.42
34.37,-67.30
39.27,-50.76
75.50,-9.00
15.50,-30.50
24.00,-59.84
23.50,-35.50
18.50,1.50
24.46,-66.42
34.37,-67.30
39.27,-50.76
75.50,-9.00
15.50,-30.50
24.00,-59.84
23.50,-35.50
18.50,1.50
24.44,-66.42
34.37,-67.30
39.27,-50.76
75.50,-9.00
-2.58,-16.85
15.50,-30.50
24.00,-59.84
23.50,-35.50
18.50,1.50
24.44,-66.42
34.37,-67.30
39.27,-50.76
75.50,-9.00
7.26,-24.97
15.50,-30.50
24.00,-59.84
23.50,-35.50
18.50,1.50
24.44,-66.42
34.37,-67.30
39.27,-50.76
75.50,-9.00
15.82,-35.16
15.50,-30.50
24.00,-59.84
23.50,-35.50
18.50,1.50
24.44,-66.42
34.37,-67.30
39.27,-50.76
75.50,-9.00
21.17,-46.41
15.50,-30.50
24.00,-59.84
23.50,-35.50
18.50,1.50
24.44,-66.42
34.37,-67.30
39.27,-50.76
75.50,-9.00
21.48,-48.04
15.50,-30.50
24.00,-59.84
23.50,-35.50
18.50,1.50
24.44,-66.42
34.37,-67.30
39.27,-50.76
75.50,-9.00
22.17,-51.88
15.50,-30.50
24.00,-59.84
23.50,-35.50
18.50,1.50
24.44,-66.42
34.37,-67.30
39.27,-50.76
75.50,-9.00
72.68,-97.78
22.17,-51.91
15.50,-30.50
24.00,-59.84
23.50,-35.50
18.50,1.50
22.91,-66.05
34.37,-67.30
39.27,-50.76
75.50,-9.00
67.02,-85.58
22.16,-51.91
6.69,-12.01
15.50,-30.50
24.00,-59.84
23.50,-35.50
18.50,1.50
23.02,-63.48
34.33,-67.17
39.27,-50.76
75.50,-9.00
61.06,-72.70
22.16,-51.91
24.51,-30.50
15.50,-30.50
24.00,-59.84
23.50,-35.50
18.50,1.50
18.62,-65.60
34.37,-67.27
39.27,-50.76
75.50,-9.00
61.33,-59.91
22.16,-51.91
28.74,-34.98
15.50,-30.50
24.00,-59.84
23.50,-35.50
18.50,1.50
18.91,-65.89
34.37,-67.27
39.27,-50.76
75.50,-9.00
58.02,-48.10
22.16,-51.91
31.37,-42.04
15.50,-30.50
24.00,-59.84
23.50,-35.50
18.50,1.50
21.57,-67.86
34.37,-67.27
39.27,-50.76
75.50,-9.00
62.21,-44.38
22.16,-51.91
31.66,-46.42
15.50,-30.50
24.00,-59.84
23.50,-35.50
18.50,1.50
24.16,-66.17
34.11,-67.11
39.27,-50.76
75.50,-9.00
71.36,-52.59
22.16,-51.91
23.76,-46.62
15.50,-30.50
24.00,-59.84
23.50,-35.50
18.50,1.50
24.66,-66.36
35.46,-66.33
39.27,-50.76
75.50,-9.00
83.94,-56.83
22.16,-51.91
18.33,-35.60
15.50,-30.50
24.00,-59.84
23.50,-35.50
18.50,1.50
24.66,-66.36
35.52,-66.20
39.27,-50.76
75.50,-9.00
97.75,-55.26
22.16,-51.91
15.27,-25.74
15.50,-30.50
24.00,-59.84
23.50,-35.50
18.50,1.50
24.66,-66.36
35.52,-66.20
39.27,-50.76
75.50,-9.00
22.16,-51.91
18.35,-11.60
15.50,-30.50
24.00,-59.84
23.50,-35.50
18.50,1.50
23.05,-64.23
34.83,-67.02
39.27,-50.76
75.50,-9.00
22.16,-51.91
20.30,2.75
15.50,-30.50
24.00,-59.84
23.50,-35.50
18.50,1.50
24.35,-65.67
34.97,-67.03
39.27,-50.76
75.50,-9.00
22.16,-51.91
15.50,-30.50
24.00,-59.84
23.50,-35.50
18.50,1.50
22.14,-66.11
35.01,-67.07
31.08,-51.35
75.50,-9.00
22.16,-51.91
15.50,-30.50
24.00,-59.84
23.50,-35.50
18.50,1.50
20.33,-65.22
35.01,-67.07
38.40,-51.68
75.50,-9.00
22.16,-51.91
15.50,-30.50
24.00,-59.84
23.50,-35.50
18.50,1.50
23.76,-66.65
35.01,-67.07
39.30,-52.03
75.50,-9.00
22.16,-51.91
15.50,-30.50
24.00,-59.84
23.50,-35.50
18.50,1.50
24.33,-66.84
35.01,-67.07
39.06,-51.85
75.50,-9.00
22.16,-51.91
15.50,-30.50
24.00,-59.84
23.50,-35.50
18.50,1.50
24.33,-66.84
35.01,-67.07
38.67,-52.29
75.50,-9.00
22.16,-51.91
15.50,-30.50
24.00,-59.84
23.50,-35.50
18.50,1.50
25.21,-66.53
35.01,-67.07
38.48,-52.29
75.50,-9.00
22.16,-51.91
15.50,-30.50
24.00,-59.84
23.50,-35.50
18.50,1.50
25.27,-66.50
35.01,-67.07
38.26,-52.20
75.50,-9.00
22.16,-51.91
15.50,-30.50
24.00,-59.84
23.50,-35.50
18.50,1.50
25.27,-66.50
35.04,-67.22
37.99,-51.37
75.50,-9.00
22.16,-51.91
-20.56,-40.47
15.50,-30.50
24.00,-59.84
23.50,-35.50
18.50,1.50
25.27,-66.50
35.10,-67.57
38.17,-50.89
75.50,-9.00
22.16,-51.91
-15.91,-27.42
15.50,-30.50
24.00,-59.84
23.50,-35.50
18.50,1.50
25.27,-66.50
35.10,-67.60
38.44,-51.04
75.50,-9.00
15.50,-30.50
24.00,-59.84
23.50,-35.50
18.50,1.50
25.27,-66.50
35.10,-67.60
39.30,-50.35
75.50,-9.00
-6.96,-12.53
15.50,-30.50
24.00,-59.84
23.50,-35.50
18.50,1.50
25.27,-66.50
35.10,-67.60
39.30,-50.35
75.50,-9.00
15.50,-30.50
24.00,-59.84
23.50,-35.50
18.50,1.50
25.27,-66.50
34.21,-63.02
39.30,-50.35
75.50,-9.00
7.85,-1.14
15.50,-30.50
24.00,-59.84
23.50,-35.50
18.50,1.50
25.27,-66.50
33.63,-60.28
39.30,-50.35
75.50,-9.00
13.41,-1.60
15.50,-30.50
24.00,-59.84
23.50,-35.50
18.50,1.50
25.27,-66.50
33.60,-60.16
39.30,-50.35
75.50,-9.00
13.41,-1.60
15.50,-30.50
24.00,-59.84
23.50,-35.50
18.50,1.50
25.27,-66.50
33.60,-60.16
39.30,-50.35
75.50,-9.00
19.38,-0.13
15.50,-30.50
24.00,-59.84
23.50,-35.50
18.50,1.50
25.27,-66.50
33.60,-60.16
39.30,-50.35
75.50,-9.00
24.58,0.77
15.50,-30.50
24.00,-59.84
23.50,-35.50
18.50,1.50
25.27,-66.50
33.60,-60.16
39.30,-50.35
75.50,-9.00
37.12,1.68
15.50,-30.50
24.00,-59.84
23.50,-35.50
18.50,1.50
25.27,-66.50
33.60,-60.16
39.30,-50.35
75.50,-9.00
50.24,1.89
15.50,-30.50
24.00,-59.84
23.50,-35.50
18.50,1.50
25.27,-66.50
33.58,-60.13
39.30,-50.35
75.50,-9.00
15.50,-30.50
24.00,-59.84
23.50,-35.50
18.50,1.50
25.27,-66.52
33.58,-60.13
39.30,-50.35
75.50,-9.00
15.50,-30.50
24.00,-59.84
23.50,-35.50
18.50,1.50
25.27,-66.52
33.58,-60.13
39.30,-50.35
75.50,-9.00
10.56,0.47
15.50,-30.50
24.00,-59.84
23.50,-35.50
18.50,1.50
25.27,-66.52
34.98,-67.04
39.30,-50.35
75.50,-9.00
37.28,2.02
15.50,-30.50
24.00,-59.84
23.50,-35.50
18.50,1.50
25.25,-66.52
34.27,-64.99
39.30,-50.35
75.50,-9.00
50.95,3.57
15.50,-30.50
24.00,-59.84
23.50,-35.50
18.50,1.50
20.53,-65.01
33.83,-64.70
39.30,-50.35
75.50,-9.00
15.50,-30.50
24.00,-59.84
23.50,-35.50
18.50,1.50
19.33,-66.42
33.74,-64.64
39.30,-50.35
75.50,-9.00
15.50,-30.50
24.00,-59.84
23.50,-35.50
18.50,1.50
24.74,-66.30
33.74,-64.64
39.30,-50.35
75.50,-9.00
15.50,-30.50
24.00,-59.84
23.50,-35.50
18.50,1.50
24.80,-66.30
33.74,-64.64
39.30,-50.35
75.50,-9.00
68.71,-0.69
15.50,-30.50
24.00,-59.84
23.50,-35.50
18.50,1.50
24.76,-66.32
33.74,-64.64
39.30,-50.35
75.50,-9.00
15.50,-30.50
24.00,-59.84
23.50,-35.50
18.50,1.50
23.56,-63.84
33.74,-64.64
39.30,-50.35
75.50,-9.00
15.50,-30.50
24.00,-59.84
23.50,-35.50
18.50,1.50
21.30,-65.63
33.74,-64.64
39.30,-50.35
75.50,-9.00
15.50,-30.50
24.00,-59.84
23.50,-35.50
18.50,1.50
18.58,-66.07
33.74,-64.64
39.30,-50.35
75.50,-9.00
15.50,-30.50
24.00,-59.84
23.50,-35.50
18.50,1.50
21.18,-65.08
33.74,-64.64
39.30,-50.35
75.50,-9.00
15.50,-30.50
24.00,-59.84
23.50,-35.50
18.50,1.50
23.43,-66.45
33.74,-64.64
39.30,-50.35
75.50,-9.00
15.50,-30.50
24.00,-59.84
23.50,-35.50
18.50,1.50
18.44,-66.06
33.74,-64.64
39.30,-50.35
75.50,-9.00
15.50,-30.50
24.00,-59.84
23.50,-35.50
18.50,1.50
19.38,-65.35
33.74,-64.64
39.30,-50.35
75.50,-9.00
15.50,-30.50
24.00,-59.84
23.50,-35.50
18.50,1.50
21.23,-67.33
33.74,-64.64
39.30,-50.35
75.50,-9.00
15.50,-30.50
24.00,-59.84
23.50,-35.50
18.50,1.50
24.46,-65.44
33.74,-64.64
39.30,-50.35
75.50,-9.00
15.50,-30.50
24.00,-59.84
23.50,-35.50
18.50,1.50
20.26,-64.04
33.74,-64.64
39.30,-50.35
75.50,-9.00
15.50,-30.50
24.00,-59.84
23.50,-35.50
18.50,1.50
23.83,-65.54
33.74,-64.64
39.30,-50.35
75.50,-9.00
15.50,-30.50
24.00,-59.84
23.50,-35.50
18.50,1.50
23.24,-67.86
33.74,-64.64
39.30,-50.35
75.50,-9.00
15.50,-30.50
24.00,-59.84
23.50,-35.50
18.50,1.50
23.68,-66.11
33.74,-64.64
39.30,-50.35
75.50,-9.00
15.50,-30.50
24.00,-59.84
23.50,-35.50
18.50,1.50
24.01,-66.47
33.74,-64.64
39.30,-50.35
75.50,-9.00
80.08,-27.44
11.83,0.51
15.50,-30.50
24.00,-59.84
23.50,-35.50
18.50,1.50
24.01,-66.47
33.74,-64.64
39.30,-50.35
75.50,-9.00
41.27,-34.59
13.60,0.48
15.50,-30.50
24.00,-59.84
23.50,-35.50
18.50,1.50
24.01,-66.47
33.95,-65.51
39.30,-50.35
75.50,-9.00
27.54,-36.16
15.97,0.72
15.50,-30.50
24.00,-59.84
23.50,-35.50
18.50,1.50
24.01,-66.47
33.77,-64.70
39.30,-50.35
75.50,-9.00
27.26,-36.16
13.98,0.45
15.50,-30.50
24.00,-59.84
23.50,-35.50
18.50,1.50
24.36,-66.39
33.74,-64.67
39.30,-50.35
75.50,-9.00
27.23,-36.16
13.74,0.42
15.50,-30.50
24.00,-59.84
23.50,-35.50
18.50,1.50
21.59,-66.36
33.74,-64.67
39.30,-50.35
75.50,-9.00
27.23,-36.16
13.74,0.42
15.50,-30.50
24.00,-59.84
23.50,-35.50
18.50,1.50
20.09,-66.46
33.74,-64.67
39.30,-50.35
75.50,-9.00
27.23,-36.16
13.74,0.42
15.50,-30.50
24.00,-59.84
23.50,-35.50
18.50,1.50
19.65,-67.19
33.74,-64.67
39.30,-50.35
75.50,-9.00
27.23,-36.16
13.74,0.42
15.50,-30.50
24.00,-59.84
23.50,-35.50
18.50,1.50
24.08,-66.49
33.74,-64.67
39.30,-50.35
75.50,-9.00
27.23,-36.16
13.74,0.42
15.50,-30.50
24.00,-59.84
23.50,-35.50
18.50,1.50
19.48,-65.50
33.74,-64.67
39.30,-50.35
75.50,-9.00
27.23,-36.16
13.74,0.42
15.50,-30.50
24.00,-59.84
23.50,-35.50
18.50,1.50
22.19,-67.29
33.74,-64.67
39.30,-50.35
75.50,-9.00
27.23,-36.16
13.74,0.42
7.94,-10.97
15.50,-30.50
24.29,-59.28
23.50,-35.50
18.50,1.50
24.18,-67.07
33.74,-64.67
39.30,-50.35
75.50,-9.00
27.23,-36.16
13.74,0.42
29.61,-12.32
15.50,-30.50
24.29,-59.53
23.50,-35.50
18.50,1.50
23.00,-64.45
33.74,-64.67
39.30,-50.35
75.50,-9.00
27.23,-36.16
13.74,0.42
50.28,-7.46
15.50,-30.50
24.28,-59.27
23.50,-35.50
18.50,1.50
22.88,-66.05
33.74,-64.67
39.30,-50.35
75.50,-9.00
27.23,-36.16
13.74,0.42
15.50,-30.50
24.29,-59.53
23.50,-35.50
18.50,1.50
23.31,-62.46
33.74,-64.67
39.30,-50.35
75.50,-9.00
27.23,-36.14
13.74,0.42
15.50,-30.50
24.29,-59.53
23.50,-35.50
18.50,1.50
23.50,-60.70
33.74,-64.67
39.30,-50.35
75.50,-9.00
27.23,-36.14
13.74,0.42
15.50,-30.50
24.29,-59.62
23.50,-35.50
18.50,1.50
23.47,-60.70
33.74,-64.67
39.30,-50.35
75.50,-9.00
27.23,-36.14
13.74,0.42
15.50,-30.50
24.29,-59.62
23.50,-35.50
18.50,1.50
23.47,-60.70
33.74,-64.67
36.18,-47.36
75.50,-9.00
27.23,-36.14
13.74,0.42
15.50,-30.50
24.29,-59.62
23.50,-35.50
18.50,1.50
23.47,-60.70
33.74,-64.67
42.49,-41.59
75.50,-9.00
27.23,-36.14
15.50,-30.50
24.29,-59.60
23.50,-35.50
18.50,1.50
23.47,-60.70
33.74,-64.67
39.68,-43.36
75.50,-9.00
27.23,-36.14
15.50,-30.50
24.29,-59.60
23.50,-35.50
18.50,1.50
23.47,-60.70
33.74,-64.67
37.48,-46.32
75.50,-9.00
27.23,-36.14
15.50,-30.50
24.29,-59.60
23.50,-35.50
18.50,1.50
23.47,-60.70
33.74,-64.67
40.08,-43.94
75.50,-9.00
27.23,-36.14
15.50,-30.50
24.29,-59.60
23.50,-35.50
18.50,1.50
23.47,-60.70
33.74,-64.67
32.66,-47.25
75.50,-9.00
27.23,-36.14
15.50,-30.50
24.29,-59.60
23.50,-35.50
18.50,1.50
23.47,-60.70
33.74,-64.67
22.33,-53.52
75.50,-9.00
27.23,-36.14
15.50,-30.50
24.29,-59.60
23.50,-35.50
18.50,1.50
23.47,-60.70
33.74,-64.67
23.14,-60.28
75.50,-9.00
27.23,-36.14
15.50,-30.50
24.29,-59.60
23.50,-35.50
18.50,1.50
23.47,-60.70
33.74,-64.67
23.14,-60.28
75.50,-9.00
27.23,-36.14
-6.24,-65.08
15.50,-30.50
24.29,-59.60
23.50,-35.50
18.50,1.50
24.24,-62.40
33.74,-64.67
23.14,-60.28
75.50,-9.00
27.23,-36.14
-3.25,-79.79
15.50,-30.50
24.29,-59.60
23.50,-35.50
18.50,1.50
24.14,-61.87
33.74,-64.67
20.86,-62.01
75.50,-9.00
27.23,-36.14
-10.18,-87.60
15.50,-30.50
24.29,-59.60
23.50,-35.50
18.50,1.50
24.17,-61.38
33.74,-64.67
24.08,-66.49
75.50,-9.00
27.23,-36.14
15.50,-30.50
24.29,-59.60
23.50,-35.50
18.50,1.50
24.25,-61.42
33.74,-64.67
24.61,-66.66
75.50,-9.00
27.23,-36.14
15.50,-30.50
24.29,-59.60
23.50,-35.50
18.50,1.50
24.28,-61.45
33.90,-65.29
24.64,-66.69
75.50,-9.00
27.23,-36.14
15.50,-30.50
24.29,-59.60
23.50,-35.50
18.50,1.50
24.28,-61.45
33.74,-64.70
24.64,-66.69
75.50,-9.00
27.23,-36.14
15.50,-30.50
24.29,-59.60
23.50,-35.50
18.50,1.50
24.28,-61.45
33.74,-64.70
24.64,-66.69
75.50,-9.00
27.23,-36.14
-19.63,-64.97
15.50,-30.50
24.29,-59.60
23.50,-35.50
18.50,1.50
24.30,-61.46
33.74,-64.70
24.63,-66.69
75.50,-9.00
27.23,-36.14
-19.59,-64.97
15.50,-30.50
24.29,-59.60
23.50,-35.50
18.50,1.50
24.30,-61.46
33.74,-64.70
24.63,-66.69
75.50,-9.00
27.23,-36.14
-7.18,-88.56
-19.59,-64.97
48.52,0.50
15.50,-30.50
24.29,-59.60
23.50,-35.50
18.50,1.50
24.30,-61.46
33.74,-64.70
24.63,-66.69
75.50,-9.00
27.23,-36.14
-3.35,-86.04
-19.59,-64.97
15.50,-30.50
24.29,-59.60
23.50,-35.50
18.50,1.50
24.30,-61.46
33.74,-64.70
24.63,-66.69
75.50,-9.00
27.23,-36.14
4.70,-82.29
-19.59,-64.97
15.50,-30.50
24.29,-59.60
23.50,-35.50
18.50,1.50
24.30,-61.46
33.75,-64.70
24.63,-66.69
75.50,-9.00
27.23,-36.14
6.55,-80.83
-13.29,-70.70
15.50,-30.50
24.29,-59.60
23.50,-35.50
18.50,1.50
24.30,-61.46
33.75,-64.70
24.63,-66.69
75.50,-9.00
27.23,-36.14
10.42,-79.01
-12.59,-75.06
15.50,-30.50
24.29,-59.60
23.50,-35.50
18.50,1.50
24.30,-61.46
33.75,-64.70
24.63,-66.69
75.50,-9.00
27.23,-36.14
9.69,-79.56
-12.59,-75.13
15.50,-30.50
24.29,-59.60
23.50,-35.50
18.50,1.50
24.30,-61.46
34.19,-68.11
24.63,-66.69
75.50,-9.00
27.23,-36.14
-17.48,-32.24
10.99,-76.49
-12.57,-75.12
15.50,-30.50
24.29,-59.60
23.50,-35.50
18.50,1.50
24.30,-61.46
33.81,-65.92
24.63,-66.69
75.50,-9.00
27.23,-36.14
-14.38,-35.76
8.16,-65.98
-12.57,-75.12
15.50,-30.50
24.29,-59.60
23.50,-35.50
18.50,1.50
24.30,-61.46
33.78,-65.82
24.63,-66.69
75.50,-9.00
3.34,-36.77
-18.80,-43.40
-14.78,-43.76
-12.57,-75.12
15.50,-30.50
24.29,-59.60
23.50,-35.50
18.50,1.50
24.30,-61.46
33.78,-65.82
24.63,-66.69
75.50,-9.00
91.37,-75.59
-16.08,-52.67
-12.57,-75.12
15.50,-30.50
24.29,-59.60
23.50,-35.50
18.50,1.50
24.30,-61.46
33.78,-65.82
24.63,-66.69
75.50,-9.00
91.10,-75.59
72.43,-5.18
-4.71,-59.44
-12.57,-75.12
15.50,-30.50
24.29,-59.60
23.50,-35.50
18.50,1.50
24.30,-61.46
33.66,-65.04
24.63,-66.69
75.50,-9.00
91.10,-75.59
-0.76,-60.29
15.50,-30.50
24.29,-59.60
23.50,-35.50
18.50,1.50
24.30,-61.46
34.47,-68.38
24.63,-66.69
75.50,-9.00
91.10,-75.59
5.34,-59.20
-4.56,-10.70
15.50,-30.50
24.29,-59.60
23.50,-35.50
18.50,1.50
24.30,-61.46
34.03,-66.39
24.63,-66.69
75.50,-9.00
91.10,-75.59
9.84,-59.70
-11.42,-62.53
15.50,-30.50
24.29,-59.60
23.50,-35.50
18.50,1.50
24.30,-61.46
34.03,-66.36
24.63,-66.69
75.50,-9.00
91.10,-75.59
9.93,-59.76
-8.21,-63.46
15.50,-30.50
24.29,-59.60
23.50,-35.50
18.50,1.50
24.30,-61.46
34.03,-66.36
24.63,-66.69
75.50,-9.00
91.10,-75.59
9.93,-59.76
-7.91,-56.34
8.20,-86.27
15.50,-30.50
24.29,-59.60
23.50,-35.50
18.50,1.50
24.30,-61.46
34.03,-66.36
24.63,-66.69
75.50,-9.00
91.10,-75.59
9.93,-59.76
-7.91,-56.34
13.79,-63.68
15.50,-30.50
24.29,-59.60
23.50,-35.50
18.50,1.50
24.30,-61.46
34.03,-66.36
24.63,-66.69
75.50,-9.00
91.10,-75.59
9.93,-59.76
-7.91,-56.34
-9.38,-51.22
15.50,-30.50
24.29,-59.60
23.50,-35.50
18.50,1.50
24.30,-61.46
34.03,-66.36
24.63,-66.69
75.50,-9.00
91.10,-75.59
9.93,-59.76
-7.91,-56.34
15.50,-30.50
24.29,-59.60
23.50,-35.50
18.50,1.50
24.30,-61.46
34.03,-66.36
24.63,-66.69
75.50,-9.00
91.10,-75.59
8.01,-56.53
-12.48,-55.66
15.50,-30.50
24.29,-59.60
23.50,-35.50
18.50,1.50
24.30,-61.46
34.03,-66.36
24.63,-66.69
75.50,-9.00
91.10,-75.59
2.08,-53.70
-12.51,-55.66
15.50,-30.50
24.29,-59.60
23.50,-35.50
18.50,1.50
24.30,-61.46
34.03,-66.36
24.63,-66.69
75.50,-9.00
91.10,-75.59
-9.32,-56.32
-12.51,-55.66
15.50,-30.50
24.29,-59.60
23.50,-35.50
18.50,1.50
24.30,-61.46
34.03,-66.36
24.63,-66.69
75.50,-9.00
91.10,-75.59
-20.99,-49.20
-13.88,-46.23
15.50,-30.50
24.29,-59.60
23.50,-35.50
18.50,1.50
24.30,-61.46
34.01,-66.37
24.63,-66.69
75.50,-9.00
91.10,-75.59
-4.74,-53.67
15.50,-30.50
24.29,-59.60
23.50,-35.50
18.50,1.50
24.30,-61.46
34.01,-66.37
24.63,-66.69
75.50,-9.00
91.10,-75.59
2.25,-64.26
15.50,-30.50
24.29,-59.60
23.50,-35.50
18.50,1.50
24.30,-61.46
34.02,-66.46
24.63,-66.69
75.50,-9.00
91.10,-75.59
-3.50,-76.07
15.50,-30.50
24.29,-59.60
23.50,-35.50
18.50,1.50
24.30,-61.46
34.09,-68.34
24.63,-66.69
75.50,-9.00
91.10,-75.59
15.50,-30.50
24.29,-59.60
23.50,-35.50
18.50,1.50
24.30,-61.46
32.63,-68.93
24.63,-66.69
75.50,-9.00
91.10,-75.59
46.50,5.52
15.50,-30.50
24.29,-59.60
23.50,-35.50
18.50,1.50
24.30,-61.46
32.22,-68.47
24.63,-66.69
75.50,-9.00
91.10,-75.59
45.59,5.48
15.50,-30.50
24.29,-59.60
23.50,-35.50
18.50,1.50
24.30,-61.46
33.63,-66.79
24.63,-66.69
75.50,-9.00
91.10,-75.59
45.56,5.48
15.50,-30.50
24.29,-59.60
23.50,-35.50
18.50,1.50
24.30,-61.46
32.44,-69.71
24.63,-66.69
75.50,-9.00
91.10,-75.59
45.56,5.48
15.50,-30.50
24.29,-59.60
23.50,-35.50
18.50,1.50
24.30,-61.46
31.80,-68.53
24.63,-66.69
75.50,-9.00
91.10,-75.59
45.56,5.48
54.96,-80.41
15.50,-30.50
24.29,-59.60
23.50,-35.50
18.50,1.50
24.20,-61.51
32.85,-68.34
24.63,-66.69
75.50,-9.00
91.10,-75.59
45.56,5.48
39.23,-41.55
15.50,-30.50
24.29,-59.60
23.50,-35.50
18.50,1.50
23.34,-61.55
32.94,-68.37
24.63,-66.69
75.50,-9.00
91.10,-75.59
45.56,5.48
41.52,-2.20
15.50,-30.50
24.29,-59.60
23.50,-35.50
18.50,1.50
24.61,-61.49
32.94,-68.37
24.63,-66.69
75.50,-9.00
91.10,-75.59
45.56,5.48
15.50,-30.50
24.29,-59.60
23.50,-35.50
18.50,1.50
24.01,-61.57
32.94,-68.37
24.63,-66.69
75.50,-9.00
91.10,-75.59
45.56,5.48
69.23,-10.28
15.50,-30.50
24.29,-59.60
23.50,-35.50
18.50,1.50
24.38,-61.56
32.94,-68.37
24.63,-66.69
75.50,-9.00
91.10,-75.59
45.56,5.48
65.00,1.10
15.50,-30.50
24.29,-59.60
23.50,-35.50
18.50,1.50
24.31,-61.60
32.94,-68.37
24.63,-66.69
75.50,-9.00
91.10,-75.59
45.56,5.48
15.50,-30.50
24.29,-59.60
23.50,-35.50
18.50,1.50
24.26,-61.61
32.94,-68.37
24.63,-66.69
75.50,-9.00
91.10,-75.59
45.56,5.48
52.35,3.02
15.50,-30.50
24.29,-59.60
23.50,-35.50
18.50,1.50
22.79,-61.68
32.94,-68.37
24.63,-66.69
75.50,-9.00
91.10,-75.59
45.56,5.48
46.81,0.45
15.50,-30.50
24.29,-59.60
23.50,-35.50
18.50,1.50
24.59,-61.68
33.07,-68.92
24.63,-66.69
75.50,-9.00
91.10,-75.59
45.56,5.48
46.75,0.45
15.50,-30.50
24.29,-59.60
23.50,-35.50
18.50,1.50
23.52,-61.73
33.21,-69.94
24.63,-66.69
75.50,-9.00
91.10,-75.59
45.56,5.48
46.75,0.45
15.50,-30.50
24.29,-59.60
23.50,-35.50
18.50,1.50
24.68,-61.68
32.68,-69.80
24.63,-66.69
75.50,-9.00
91.10,-75.59
45.56,5.48
46.75,0.45
15.50,-30.50
24.29,-59.60
23.50,-35.50
18.50,1.50
24.97,-61.74
32.59,-69.55
24.63,-66.69
75.50,-9.00
91.10,-75.59
45.57,5.47
46.75,0.45
15.50,-30.50
24.29,-59.60
23.50,-35.50
18.50,1.50
23.79,-61.80
32.59,-69.49
24.63,-66.69
75.50,-9.00
91.10,-75.59
45.57,5.47
46.75,0.45
15.50,-30.50
24.29,-59.60
23.50,-35.50
18.50,1.50
23.69,-61.80
32.59,-69.49
24.63,-66.69
75.50,-9.00
91.10,-75.59
45.57,5.47
46.75,0.45
60.82,-6.44
15.50,-30.50
24.29,-59.60
23.50,-35.50
18.50,1.50
24.25,-61.78
32.59,-69.49
24.63,-66.69
75.50,-9.00
91.10,-75.59
45.57,5.47
46.75,0.45
49.62,2.50
15.50,-30.50
24.29,-59.60
23.50,-35.50
18.50,1.50
23.47,-61.77
32.59,-69.49
24.63,-66.69
75.50,-9.00
91.10,-75.59
45.57,5.47
46.73,0.45
53.92,3.70
15.50,-30.50
24.29,-59.60
23.50,-35.50
18.50,1.50
24.37,-61.74
32.59,-69.49
24.63,-66.69
75.50,-9.00
91.10,-75.59
45.57,5.47
46.73,0.45
15.50,-30.50
24.29,-59.60
23.50,-35.50
18.50,1.50
24.34,-61.74
32.59,-69.49
24.63,-66.69
75.50,-9.00
91.10,-75.59
45.57,5.47
46.73,0.45
15.50,-30.50
24.29,-59.60
23.50,-35.50
18.50,1.50
23.91,-61.74
32.59,-69.49
24.63,-66.69
75.50,-9.00
91.10,-75.59
45.57,5.47
46.73,0.45
15.50,-30.50
24.29,-59.60
23.50,-35.50
18.50,1.50
24.34,-61.74
32.59,-69.49
24.63,-66.69
75.50,-9.00
91.10,-75.59
45.57,5.47
46.73,0.45
15.50,-30.50
24.29,-59.60
23.50,-35.50
18.50,1.50
22.84,-61.77
32.59,-69.49
24.63,-66.69
75.50,-9.00
91.10,-75.59
45.57,5.47
46.73,0.45
15.50,-30.50
24.29,-59.60
23.50,-35.50
18.50,1.50
24.82,-61.74
32.59,-69.49
24.63,-66.69
75.50,-9.00
91.10,-75.59
45.57,5.47
46.73,0.45
15.50,-30.50
24.29,-59.60
23.50,-35.50
18.50,1.50
24.45,-61.81
32.59,-69.49
24.63,-66.69
75.50,-9.00
91.10,-75.59
45.57,5.47
46.73,0.45
-8.80,-22.82
15.50,-30.50
24.29,-59.60
23.50,-35.50
18.50,1.50
23.91,-61.83
32.59,-69.49
24.63,-66.69
75.50,-9.00
91.10,-75.59
45.57,5.47
46.73,0.45
2.54,-29.48
15.50,-30.50
24.29,-59.60
23.50,-35.50
18.50,1.50
23.66,-61.78
32.59,-69.49
24.63,-66.69
75.50,-9.00
91.10,-75.59
45.57,5.47
46.73,0.45
13.58,-33.39
15.50,-30.50
24.29,-59.60
23.50,-35.50
18.50,1.50
23.42,-61.65
32.59,-69.49
24.63,-66.69
75.50,-9.00
91.10,-75.59
45.57,5.47
46.73,0.45
63.42,-4.47
18.27,-39.08
15.50,-30.50
24.29,-59.60
23.50,-35.50
18.50,1.50
24.05,-61.62
32.59,-69.49
24.63,-66.69
75.50,-9.00
91.10,-75.59
45.57,5.47
46.73,0.45
50.31,-3.19
21.57,-52.42
15.50,-30.50
24.29,-59.60
23.50,-35.50
18.50,1.50
24.82,-61.59
32.59,-69.49
24.63,-66.69
75.50,-9.00
91.10,-75.59
45.57,5.47
46.73,0.45
36.25,-1.96
22.45,-59.39
15.50,-30.50
24.29,-59.60
23.50,-35.50
18.50,1.50
23.25,-62.08
32.59,-69.49
24.63,-66.69
75.50,-9.00
91.10,-75.59
45.57,5.47
46.73,0.45
23.08,-3.92
21.62,-62.25
11.09,-30.92
15.50,-30.50
24.29,-59.60
23.50,-35.50
18.50,1.50
23.38,-62.25
32.59,-69.49
24.63,-66.69
75.50,-9.00
91.10,-75.59
45.57,5.47
46.73,0.45
16.89,-16.31
22.51,-63.82
22.16,-35.63
15.50,-30.50
24.29,-59.60
23.50,-35.50
18.50,1.50
22.52,-61.76
32.59,-69.49
24.63,-66.69
75.50,-9.00
91.10,-75.59
45.57,5.47
46.73,0.45
11.95,-29.21
25.40,-71.33
22.19,-50.90
15.50,-30.50
24.29,-59.60
23.50,-35.50
18.50,1.50
24.07,-61.65
32.60,-69.58
24.63,-66.69
75.50,-9.00
91.10,-75.59
45.57,5.47
46.73,0.45
20.33,-39.59
26.65,-74.73
26.80,-80.03
15.50,-30.50
24.29,-59.60
23.50,-35.50
18.50,1.50
23.83,-61.65
32.60,-69.58
24.63,-66.69
75.50,-9.00
91.10,-75.59
45.57,5.47
46.73,0.45
29.45,-47.41
27.77,-77.60
45.25,-72.17
15.50,-30.50
24.29,-59.60
23.50,-35.50
18.50,1.50
23.71,-61.65
32.60,-69.58
24.63,-66.69
75.50,-9.00
91.10,-75.59
45.57,5.47
46.73,0.45
40.83,-40.40
28.22,-79.83
29.18,-65.87
15.50,-30.50
24.29,-59.60
23.50,-35.50
18.50,1.50
24.16,-61.65
32.60,-69.58
24.63,-66.69
75.50,-9.00
91.10,-75.59
45.57,5.47
46.73,0.45
44.72,-27.73
26.93,-79.98
12.89,-65.66
15.50,-30.50
24.29,-59.60
23.50,-35.50
18.50,1.50
23.46,-61.65
32.60,-69.58
24.63,-66.69
75.50,-9.00
91.10,-75.59
33.61,6.76
46.73,0.45
59.58,-33.83
28.30,-79.64
13.27,-60.72
15.50,-30.50
24.29,-59.60
23.50,-35.50
18.50,1.50
23.23,-61.68
32.60,-69.58
24.63,-66.69
75.50,-9.00
91.10,-75.59
32.79,6.94
46.73,0.45
74.04,-52.36
26.31,-81.30
13.14,-61.09
15.50,-30.50
24.29,-59.60
23.50,-35.50
18.50,1.50
25.15,-61.62
32.60,-69.58
24.63,-66.69
75.50,-9.00
91.10,-75.59
32.79,6.94
46.73,0.45
76.06,-65.77
27.84,-84.65
13.14,-61.09
15.50,-30.50
24.29,-59.60
23.50,-35.50
18.50,1.50
24.46,-61.63
32.60,-69.58
24.63,-66.69
75.50,-9.00
91.10,-75.59
32.73,6.97
46.73,0.45
85.28,-73.40
33.08,-84.71
13.14,-61.09
15.50,-30.50
24.29,-59.60
23.50,-35.50
18.50,1.50
24.21,-61.62
32.60,-69.58
24.63,-66.69
75.50,-9.00
91.10,-75.59
46.73,0.45
36.32,-80.03
13.14,-61.09
-5.75,-34.49
15.50,-30.50
24.29,-59.60
23.50,-35.50
18.50,1.50
23.86,-61.62
32.60,-69.58
24.63,-66.69
75.50,-9.00
91.10,-75.59
46.73,0.45
37.98,-83.65
13.14,-61.09
16.48,-53.71
15.50,-30.50
24.29,-59.60
23.50,-35.50
18.50,1.50
24.42,-61.62
32.60,-69.58
24.63,-66.69
75.50,-9.00
91.10,-75.59
46.73,0.45
31.37,-85.70
13.14,-61.09
35.98,-70.36
15.50,-30.50
24.29,-59.60
23.50,-35.50
18.50,1.50
24.36,-61.62
32.60,-69.58
24.49,-66.57
75.50,-9.00
91.10,-75.59
46.73,0.45
29.43,-79.01
13.14,-61.09
52.05,-82.59
15.50,-30.50
24.29,-59.60
23.50,-35.50
18.50,1.50
24.34,-61.62
32.60,-69.58
23.38,-65.13
75.50,-9.00
91.10,-75.59
46.73,0.45
29.64,-73.69
13.14,-61.09
62.47,-86.24
15.50,-30.50
24.29,-59.60
23.50,-35.50
18.50,1.50
24.07,-61.62
32.60,-69.58
18.35,-61.04
75.50,-9.00
91.10,-75.59
46.73,0.45
32.30,-70.75
13.14,-61.09
76.54,-90.38
15.50,-30.50
24.29,-59.60
23.50,-35.50
18.50,1.50
23.47,-61.62
32.49,-68.98
18.04,-61.75
75.50,-9.00
91.10,-75.59
46.73,0.45
35.08,-70.00
13.14,-61.09
15.50,-30.50
24.29,-59.60
23.50,-35.50
18.50,1.50
23.80,-61.53
32.29,-67.61
18.03,-61.82
75.50,-9.00
91.10,-75.59
46.73,0.45
37.72,-69.86
13.13,-61.07
15.50,-30.50
24.29,-59.60
23.50,-35.50
18.50,1.50
23.57,-61.41
32.45,-68.64
18.03,-61.89
75.50,-9.00
91.10,-75.59
46.73,0.45
39.94,-66.88
13.13,-61.07
15.50,-30.50
24.29,-59.60
23.50,-35.50
18.50,1.50
22.97,-61.41
32.42,-68.55
18.03,-61.89
75.50,-9.00
91.10,-75.59
46.73,0.45
41.10,-67.46
13.13,-61.07
15.50,-30.50
24.29,-59.60
23.50,-35.50
18.50,1.50
24.67,-61.44
32.42,-68.55
18.03,-61.89
75.50,-9.00
91.10,-75.59
46.73,0.45
40.12,-69.39
13.13,-61.07
15.50,-30.50
24.29,-59.60
23.50,-35.50
18.50,1.50
23.87,-61.41
32.42,-68.55
18.03,-61.89
75.50,-9.00
91.10,-75.59
46.73,0.45
41.28,-68.01
13.13,-61.07
80.86,-93.46
15.50,-30.50
24.29,-59.60
23.50,-35.50
18.50,1.50
23.44,-61.42
32.44,-68.54
19.86,-64.02
75.50,-9.00
91.10,-75.59
46.73,0.45
43.89,-64.85
13.13,-61.07
73.45,-77.86
15.50,-30.50
24.29,-59.60
23.50,-35.50
18.50,1.50
24.22,-61.57
32.44,-68.54
19.83,-64.22
75.50,-9.00
91.10,-75.59
46.73,0.45
49.23,-64.03
13.13,-61.07
47.58,-54.76
15.50,-30.50
24.29,-59.60
23.50,-35.50
18.50,1.50
24.17,-61.57
32.44,-68.54
24.85,-65.76
75.50,-9.00
91.10,-75.59
46.73,0.45
91.34,-73.41
53.67,-64.77
13.13,-61.07
29.01,-45.15
15.50,-30.50
24.29,-59.60
23.50,-35.50
18.50,1.50
23.87,-61.57
32.44,-68.54
24.85,-65.76
75.50,-9.00
91.10,-75.59
46.73,0.45
82.40,-62.01
54.43,-64.80
13.13,-61.07
22.15,-39.75
15.50,-30.50
24.29,-59.60
23.50,-35.50
18.50,1.50
25.03,-61.57
32.44,-68.54
27.59,-67.60
75.50,-9.00
91.10,-75.59
46.73,0.45
74.59,-54.45
54.52,-64.80
13.13,-61.07
11.81,-29.68
15.50,-30.50
24.29,-59.60
23.50,-35.50
18.50,1.50
24.11,-61.57
32.44,-68.54
31.61,-70.36
75.50,-9.00
91.10,-75.59
46.73,0.45
54.52,-64.80
13.13,-61.07
0.54,-27.59
-4.98,-16.67
15.50,-30.50
24.29,-59.60
23.50,-35.50
18.50,1.50
23.99,-61.57
32.44,-68.54
32.72,-70.95
75.50,-9.00
91.10,-75.59
46.73,0.45
54.52,-64.80
13.13,-61.07
-5.33,-23.98
-3.65,-25.53
15.50,-30.50
24.29,-59.60
23.50,-35.50
18.50,1.50
23.15,-61.59
32.44,-68.54
32.72,-70.95
75.50,-9.00
91.10,-75.59
46.73,0.45
54.52,-64.80
13.13,-61.07
-14.16,-23.69
7.02,-29.14
15.50,-30.50
24.29,-59.60
23.50,-35.50
18.50,1.50
24.71,-61.66
32.44,-68.54
32.72,-70.95
75.50,-9.00
91.10,-75.59
46.73,0.45
54.52,-64.80
13.13,-61.07
-13.58,-23.69
16.46,-38.61
15.50,-30.50
24.29,-59.60
23.50,-35.50
18.50,1.50
22.95,-61.52
32.44,-68.54
32.72,-70.95
75.50,-9.00
91.10,-75.59
46.73,0.45
54.52,-64.80
13.13,-61.07
-13.49,-23.69
20.65,-45.87
15.50,-30.50
24.29,-59.60
23.50,-35.50
18.50,1.50
24.20,-61.54
32.44,-68.54
32.72,-70.95
75.50,-9.00
91.10,-75.59
46.73,0.45
54.52,-64.80
13.13,-61.07
-13.49,-23.69
22.02,-55.88
15.50,-30.50
24.29,-59.60
23.50,-35.50
18.50,1.50
23.27,-61.57
32.44,-68.54
32.72,-70.95
75.50,-9.00
91.10,-75.59
20.99,2.34
46.73,0.45
57.35,-64.18
13.13,-61.07
-13.49,-23.69
21.65,-60.84
15.50,-30.50
24.29,-59.60
23.50,-35.50
18.50,1.50
23.86,-61.57
32.44,-68.54
32.72,-70.95
75.50,-9.00
91.10,-75.59
20.78,1.14
46.73,0.45
66.65,-63.52
13.13,-61.07
-12.62,-23.92
21.51,-63.34
15.50,-30.50
24.29,-59.60
23.50,-35.50
18.50,1.50
23.24,-61.60
32.44,-68.54
32.73,-70.91
75.50,-9.00
91.10,-75.59
20.78,1.14
46.73,0.45
76.32,-66.38
13.13,-61.07
0.68,-27.37
21.59,-51.29
15.50,-30.50
24.29,-59.60
23.50,-35.50
18.50,1.50
24.26,-61.57
32.43,-68.34
32.73,-70.89
75.50,-9.00
91.10,-75.59
20.75,1.05
46.73,0.45
79.16,-62.06
13.13,-61.07
3.10,-28.38
21.88,-42.25
15.50,-30.50
24.29,-59.60
23.50,-35.50
18.50,1.50
24.64,-61.59
32.59,-69.47
32.73,-70.89
75.50,-9.00
91.10,-75.59
14.97,-5.55
46.73,0.45
78.74,-61.80
13.13,-61.07
3.71,-28.66
15.44,-35.11
15.50,-30.50
24.29,-59.60
23.50,-35.50
18.50,1.50
23.96,-61.59
32.62,-69.54
32.73,-70.89
75.50,-9.00
91.10,-75.59
14.19,-6.11
46.73,0.45
78.74,-61.80
13.13,-61.07
16.13,-34.27
3.69,-28.71
9.09,-48.07
15.50,-30.50
24.29,-59.60
23.50,-35.50
18.50,1.50
24.10,-61.68
32.62,-69.54
32.73,-70.89
75.50,-9.00
91.10,-75.59
14.09,-6.17
46.73,0.45
78.74,-61.80
13.13,-61.07
16.60,-34.47
-8.75,-21.51
36.70,-81.85
15.50,-30.50
24.29,-59.60
23.50,-35.50
18.50,1.50
23.59,-61.68
32.62,-69.54
32.73,-70.89
75.50,-9.00
91.10,-75.59
46.73,0.45
78.74,-61.80
13.13,-61.07
24.76,-35.46
-13.20,-23.33
-13.42,-59.04
15.50,-30.50
24.29,-59.60
23.50,-35.50
18.50,1.50
24.54,-61.68
32.54,-69.17
32.73,-70.89
75.50,-9.00
91.10,-75.59
46.73,0.45
78.74,-61.80
13.13,-61.07
36.73,-41.38
-15.16,-35.22
-17.75,-68.65
15.50,-30.50
24.29,-59.60
23.50,-35.50
18.50,1.50
24.54,-61.68
32.59,-69.61
32.73,-70.89
75.50,-9.00
91.10,-75.59
46.73,0.45
78.74,-61.80
12.53,-61.55
41.37,-43.85
-18.82,-40.27
90.09,-67.66
15.50,-30.50
24.29,-59.60
23.50,-35.50
18.50,1.50
25.28,-61.95
32.59,-69.61
32.73,-70.89
75.50,-9.00
91.10,-75.59
46.73,0.45
78.74,-61.80
13.28,-60.69
41.76,-44.03
-20.50,-45.50
79.13,-25.59
15.50,-30.50
24.29,-59.60
23.50,-35.50
18.50,1.50
24.70,-61.96
32.59,-69.61
32.73,-70.89
75.50,-9.00
91.10,-75.59
46.73,0.45
78.73,-61.80
13.28,-60.69
54.86,-59.13
-20.50,-45.50
15.50,-30.50
24.29,-59.60
23.50,-35.50
18.50,1.50
24.77,-61.47
32.59,-69.61
32.73,-70.89
75.50,-9.00
91.10,-75.59
46.73,0.45
78.73,-61.80
13.28,-60.69
67.77,-76.00
-20.50,-45.50
15.50,-30.50
24.29,-59.60
23.50,-35.50
18.50,1.50
23.55,-61.37
32.59,-69.61
32.73,-70.89
75.50,-9.00
91.10,-75.59
46.73,0.45
78.73,-61.80
13.28,-60.69
68.17,-76.63
-19.33,-46.79
15.50,-30.50
24.29,-59.60
23.50,-35.50
18.50,1.50
24.58,-61.52
32.59,-69.61
32.73,-70.89
75.50,-9.00
91.10,-75.59
46.73,0.45
76.50,-68.90
13.28,-60.69
68.19,-76.70
15.50,-30.50
24.29,-59.60
23.50,-35.50
18.50,1.50
24.84,-66.42
32.62,-69.64
32.73,-70.89
75.50,-9.00
91.10,-75.59
46.73,0.45
83.40,-74.64
13.28,-60.69
68.19,-76.70
15.50,-30.50
24.29,-59.60
23.50,-35.50
18.50,1.50
22.69,-62.89
32.56,-69.33
32.73,-70.89
75.50,-9.00
91.10,-75.59
46.73,0.45
88.18,-69.57
13.28,-60.69
68.19,-76.70
15.50,-30.50
24.29,-59.60
23.50,-35.50
18.50,1.50
23.94,-62.41
32.59,-69.58
32.73,-70.89
75.50,-9.00
91.10,-75.59
46.73,0.45
13.28,-60.69
73.66,-79.16
15.50,-30.50
24.29,-59.60
23.50,-35.50
18.50,1.50
20.83,-64.66
32.59,-69.58
32.73,-70.89
75.50,-9.00
91.10,-75.59
36.94,0.13
13.28,-60.69
15.50,-30.50
24.29,-59.60
23.50,-35.50
18.50,1.50
24.40,-62.13
32.59,-69.58
32.73,-70.89
75.50,-9.00
91.10,-75.59
22.37,-0.72
13.28,-60.69
15.50,-30.50
24.29,-59.60
23.50,-35.50
18.50,1.50
24.24,-61.52
32.65,-69.96
32.73,-70.89
75.50,-9.00
91.10,-75.59
13.28,-10.23
13.28,-60.69
15.50,-30.50
24.29,-59.60
23.50,-35.50
18.50,1.50
24.27,-61.52
32.81,-70.92
32.73,-70.89
75.50,-9.00
91.10,-75.59
15.39,-20.76
13.28,-60.69
15.50,-30.50
24.29,-59.60
23.50,-35.50
18.50,1.50
24.31,-61.52
32.93,-71.55
32.73,-70.89
75.50,-9.00
91.10,-75.59
7.89,-28.55
13.28,-60.69
15.50,-30.50
24.29,-59.60
23.50,-35.50
18.50,1.50
24.30,-61.52
32.31,-67.70
32.73,-70.89
75.50,-9.00
91.10,-75.59
1.29,-26.11
13.28,-60.69
15.50,-30.50
24.29,-59.60
23.50,-35.50
18.50,1.50
24.30,-61.52
32.24,-67.45
32.73,-70.89
75.50,-9.00
91.10,-75.59
-14.04,-29.60
1.29,-26.11
13.29,-60.88
15.50,-30.50
24.29,-59.60
23.50,-35.50
18.50,1.50
24.30,-61.52
32.24,-67.42
32.73,-70.89
75.50,-9.00
91.10,-75.59
-14.07,-31.72
1.45,-26.43
13.30,-60.78
15.50,-30.50
24.29,-59.60
23.50,-35.50
18.50,1.50
24.30,-61.52
32.24,-67.42
32.73,-70.89
75.50,-9.00
91.10,-75.59
-15.12,-37.49
1.48,-26.46
13.30,-60.70
15.50,-30.50
24.29,-59.60
23.50,-35.50
18.50,1.50
24.30,-61.52
32.24,-67.42
32.73,-70.89
75.50,-9.00
91.10,-75.59
-11.87,-40.71
1.48,-26.46
13.30,-60.70
15.50,-30.50
24.29,-59.60
23.50,-35.50
18.50,1.50
24.30,-61.52
32.24,-67.42
32.73,-70.89
75.50,-9.00
91.10,-75.59
-19.00,-42.02
1.48,-26.46
13.30,-60.70
18.69,0.50
15.50,-30.50
24.29,-59.60
23.50,-35.50
18.50,1.50
24.30,-61.52
32.24,-67.34
32.73,-70.89
75.50,-9.00
91.10,-75.59
1.48,-26.46
13.30,-60.70
33.53,5.76
15.50,-30.50
24.29,-59.60
23.50,-35.50
18.50,1.50
24.30,-61.52
32.24,-67.34
32.73,-70.89
75.50,-9.00
91.10,-75.59
1.48,-26.46
13.17,-61.42
15.50,-30.50
24.29,-59.60
23.50,-35.50
18.50,1.50
24.30,-61.52
32.24,-67.34
32.73,-70.89
75.50,-9.00
91.10,-75.59
1.48,-26.46
12.95,-60.86
15.50,-30.50
24.29,-59.60
23.50,-35.50
18.50,1.50
24.21,-61.54
32.24,-67.34
32.73,-70.89
75.50,-9.00
91.10,-75.59
1.48,-26.47
13.30,-60.77
15.50,-30.50
24.29,-59.60
23.50,-35.50
18.50,1.50
21.58,-66.23
32.18,-66.96
32.73,-70.89
75.50,-9.00
91.10,-75.59
1.48,-26.47
13.30,-60.70
87.15,-84.18
15.50,-30.50
24.29,-59.60
23.50,-35.50
18.50,1.50
24.46,-66.03
32.18,-66.84
33.00,-71.46
75.50,-9.00
91.10,-75.59
1.48,-26.47
13.30,-60.74
66.40,-67.33
15.50,-30.50
24.29,-59.60
23.50,-35.50
18.50,1.50
22.92,-63.44
32.18,-66.84
29.71,-74.94
75.50,-9.00
91.10,-75.59
1.48,-26.47
13.30,-60.74
62.52,-63.49
15.50,-30.50
24.29,-59.60
23.50,-35.50
18.50,1.50
19.80,-65.76
32.18,-66.96
23.06,-73.48
75.50,-9.00
91.10,-75.59
1.48,-26.47
13.30,-60.70
62.52,-63.49
15.50,-30.50
24.29,-59.60
23.50,-35.50
18.50,1.50
24.59,-65.64
32.18,-66.87
18.33,-71.70
75.50,-9.00
91.10,-75.59
1.48,-26.47
13.30,-60.70
49.34,-54.99
15.50,-30.50
24.29,-59.60
23.50,-35.50
18.50,1.50
23.03,-63.27
31.49,-62.60
15.32,-70.03
75.50,-9.00
91.10,-75.59
1.48,-26.47
13.30,-60.70
24.93,-47.69
6.39,-1.35
15.50,-30.50
24.29,-59.60
23.50,-35.50
18.50,1.50
23.38,-63.37
31.24,-60.99
22.23,-66.56
75.50,-9.00
91.10,-75.59
1.48,-26.47
13.30,-60.70
18.37,-37.33
12.04,0.37
15.50,-30.50
24.29,-59.60
23.50,-35.50
18.50,1.50
23.64,-61.80
31.18,-60.56
24.54,-66.86
75.50,-9.00
91.10,-75.59
1.48,-26.47
13.30,-60.70
11.46,-27.76
17.56,2.92
15.50,-30.50
24.29,-59.60
23.50,-35.50
18.50,1.50
25.13,-61.10
31.18,-60.49
24.57,-66.86
75.50,-9.00
91.10,-75.59
1.48,-26.47
13.30,-60.70
11.52,-27.08
17.85,3.08
22.65,-1.17
15.50,-30.50
24.29,-59.60
23.50,-35.50
18.50,1.50
23.67,-62.34
31.18,-60.49
24.59,-66.86
75.50,-9.00
91.10,-75.59
10.79,-28.80
13.30,-60.70
12.59,-23.80
17.85,3.08
15.50,-30.50
24.29,-59.60
23.50,-35.50
18.50,1.50
21.41,-64.45
31.18,-60.49
24.59,-66.86
75.50,-9.00
91.10,-75.59
16.52,-38.89
13.30,-60.70
15.43,-13.58
17.85,3.08
15.50,-30.50
24.29,-59.60
23.50,-35.50
18.50,1.50
24.53,-63.65
31.18,-60.49
24.59,-66.86
75.50,-9.00
91.10,-75.59
20.88,-46.29
13.30,-60.70
15.43,-13.55
17.85,3.08
15.50,-30.50
24.29,-59.60
23.50,-35.50
18.50,1.50
16.38,-62.61
31.18,-60.49
24.59,-66.86
75.50,-9.00
91.10,-75.59
21.94,-59.13
13.30,-60.70
14.69,-9.08
17.86,3.08
15.50,-30.50
24.29,-59.60
23.50,-35.50
18.50,1.50
17.34,-63.13
31.18,-60.49
24.59,-66.86
75.50,-9.00
91.10,-75.59
21.48,-66.07
13.30,-60.70
11.59,1.70
17.86,3.08
15.50,-30.50
24.29,-59.60
23.50,-35.50
18.50,1.50
22.66,-62.78
32.18,-66.03
24.59,-66.86
75.50,-9.00
91.10,-75.59
21.79,-74.03
13.24,-60.97
16.29,2.04
17.86,3.08
80.78,-23.26
15.50,-30.50
24.29,-59.60
23.50,-35.50
18.50,1.50
21.63,-62.72
32.37,-66.87
24.59,-66.86
75.50,-9.00
91.10,-75.59
22.17,-78.22
13.23,-60.73
17.86,3.08
86.24,-34.54
15.50,-30.50
24.29,-59.60
23.50,-35.50
18.50,1.50
22.14,-62.88
32.35,-66.87
24.59,-66.86
75.50,-9.00
91.10,-75.59
24.80,-80.72
12.37,-61.49
17.86,3.08
15.50,-30.50
24.29,-59.60
23.50,-35.50
18.50,1.50
22.25,-62.87
32.35,-66.87
24.59,-66.86
75.50,-9.00
91.10,-75.59
26.91,-83.76
13.30,-60.80
17.86,3.08
94.53,-50.96
15.50,-30.50
24.29,-59.60
23.50,-35.50
18.50,1.50
22.40,-62.88
32.35,-66.87
24.59,-66.86
75.50,-9.00
91.10,-75.59
33.08,-87.74
13.30,-60.73
10.58,0.26
82.62,-50.52
15.50,-30.50
24.29,-59.60
23.50,-35.50
18.50,1.50
22.01,-62.94
32.35,-66.87
24.59,-66.86
75.50,-9.00
91.10,-75.59
46.97,-88.45
13.30,-60.70
51.78,-43.67
15.50,-30.50
24.29,-59.60
23.50,-35.50
18.50,1.50
22.20,-62.94
32.66,-69.49
24.59,-66.86
75.50,-9.00
91.10,-75.59
52.79,-84.84
12.55,-61.42
11.91,-34.04
15.50,-30.50
24.29,-59.60
23.50,-35.50
18.50,1.50
21.94,-62.94
32.66,-69.49
24.59,-66.86
75.50,-9.00
91.10,-75.59
64.60,-82.43
12.51,-61.52
15.50,-30.50
24.29,-59.60
23.50,-35.50
18.50,1.50
22.35,-62.82
32.66,-69.55
24.59,-66.86
75.50,-9.00
91.10,-75.59
75.16,-82.43
13.30,-60.73
15.50,-30.50
24.29,-59.60
23.50,-35.50
18.50,1.50
22.78,-62.85
32.66,-69.55
24.59,-66.86
75.50,-9.00
91.10,-75.59
13.30,-60.73
71.70,-23.73
15.50,-30.50
24.29,-59.60
23.50,-35.50
18.50,1.50
22.25,-62.83
32.60,-69.15
24.59,-66.86
75.50,-9.00
91.10,-75.59
13.30,-60.70
27.14,-22.48
15.50,-30.50
24.29,-59.60
23.50,-35.50
18.50,1.50
23.06,-62.84
32.58,-68.90
24.59,-66.86
75.50,-9.00
91.10,-75.59
13.30,-60.70
15.50,-30.50
24.29,-59.60
23.50,-35.50
18.50,1.50
22.99,-62.86
32.38,-67.30
24.59,-66.86
75.50,-9.00
91.10,-75.59
13.30,-60.70
15.50,-30.50
24.29,-59.60
23.50,-35.50
18.50,1.50
23.36,-62.87
32.38,-67.30
24.59,-66.86
75.50,-9.00
91.10,-75.59
13.30,-60.70
17.10,-26.60
15.50,-30.50
24.29,-59.60
23.50,-35.50
18.50,1.50
22.28,-62.84
32.38,-67.30
24.59,-66.86
75.50,-9.00
91.10,-75.59
13.30,-60.70
11.20,-18.03
15.50,-30.50
24.29,-59.60
23.50,-35.50
18.50,1.50
22.63,-62.87
32.38,-67.30
24.59,-66.86
75.50,-9.00
91.10,-75.59
13.30,-60.70
9.00,-89.80
15.50,-30.50
24.29,-59.60
23.50,-35.50
18.50,1.50
22.23,-62.87
32.38,-67.30
24.59,-66.86
75.50,-9.00
91.10,-75.59
13.30,-60.70
30.17,-58.44
15.50,-30.50
24.29,-59.60
23.50,-35.50
18.50,1.50
22.77,-62.87
32.39,-67.37
24.59,-66.86
75.50,-9.00
91.10,-75.59
13.30,-60.70
29.05,-37.28
15.50,-30.50
24.29,-59.60
23.50,-35.50
18.50,1.50
22.95,-62.87
32.41,-67.53
24.59,-66.86
75.50,-9.00
91.10,-75.59
13.30,-60.70
28.52,-51.58
15.50,-30.50
24.29,-59.60
23.50,-35.50
18.50,1.50
23.28,-62.86
32.44,-67.74
24.59,-66.86
75.50,-9.00
57.20,-20.19
13.30,-60.70
24.16,-56.54
15.50,-30.50
24.29,-59.60
23.50,-35.50
18.50,1.50
22.88,-62.85
32.44,-67.83
24.59,-66.86
75.50,-9.00
58.43,-59.74
13.30,-60.70
23.19,-57.11
15.50,-30.50
24.29,-59.60
23.50,-35.50
18.50,1.50
21.55,-62.87
32.44,-67.83
24.59,-66.86
75.50,-9.00
49.56,-89.36
13.30,-60.70
23.53,-57.36
15.50,-30.50
24.29,-59.60
23.50,-35.50
18.50,1.50
21.46,-62.87
32.46,-67.82
24.59,-66.86
75.50,-9.00
15.67,-77.09
13.30,-60.70
23.53,-57.36
15.50,-30.50
24.29,-59.60
23.50,-35.50
18.50,1.50
23.36,-62.96
32.46,-67.82
24.59,-66.86
75.50,-9.00
-14.70,-70.14
13.30,-60.70
23.53,-57.36
15.50,-30.50
24.29,-59.60
23.50,-35.50
18.50,1.50
23.36,-62.96
32.46,-67.82
24.59,-66.86
75.50,-9.00
13.30,-60.70
95.65,-65.13
23.53,-57.36
15.50,-30.50
24.29,-59.60
23.50,-35.50
18.50,1.50
23.40,-62.96
32.46,-67.82
24.59,-66.86
75.50,-9.00
13.30,-60.70
60.92,-82.10
23.53,-57.36
15.50,-30.50
24.29,-59.60
23.50,-35.50
18.50,1.50
23.40,-62.96
32.46,-67.82
24.59,-66.86
75.50,-9.00
13.30,-60.70
34.82,-67.51
93.77,-67.10
23.53,-57.36
15.50,-30.50
24.29,-59.60
23.50,-35.50
18.50,1.50
23.40,-62.96
32.46,-67.82
24.59,-66.86
75.50,-9.00
13.30,-60.70
22.01,-37.57
82.51,-73.57
23.54,-57.36
15.50,-30.50
24.29,-59.60
23.50,-35.50
18.50,1.50
23.40,-62.96
32.55,-68.76
24.59,-66.86
75.50,-9.00
13.30,-60.70
45.47,-18.22
68.62,-77.01
23.54,-57.36
15.50,-30.50
24.29,-59.60
23.50,-35.50
18.50,1.50
22.54,-63.67
32.52,-68.32
24.59,-66.86
75.50,-9.00
13.30,-60.70
54.36,-76.28
23.54,-57.36
15.50,-30.50
24.29,-59.60
23.50,-35.50
18.50,1.50
23.10,-63.04
32.52,-68.32
24.59,-66.86
75.50,-9.00
13.30,-60.70
41.59,-70.62
23.54,-57.36
15.50,-30.50
24.29,-59.60
23.50,-35.50
18.50,1.50
23.55,-64.22
32.52,-68.32
24.59,-66.86
75.50,-9.00
11.29,-58.55
28.63,-65.01
23.54,-57.36
15.50,-30.50
24.29,-59.60
23.50,-35.50
18.50,1.50
19.20,-62.60
32.52,-68.32
24.59,-66.86
75.50,-9.00
10.18,-60.32
20.11,-57.95
23.54,-57.36
15.50,-30.50
24.29,-59.60
23.50,-35.50
18.50,1.50
24.27,-62.60
32.52,-68.32
24.59,-66.86
75.50,-9.00
12.73,-61.47
21.52,-65.13
23.54,-57.36
15.50,-30.50
24.29,-59.60
23.50,-35.50
18.50,1.50
19.91,-67.15
32.52,-68.32
24.59,-66.86
75.50,-9.00
13.27,-60.73
11.71,-68.72
23.54,-57.36
15.50,-30.50
24.29,-59.60
23.50,-35.50
18.50,1.50
21.63,-60.86
32.52,-68.32
24.59,-66.86
75.50,-9.00
13.30,-60.70
7.68,-71.03
23.54,-57.36
15.50,-30.50
24.29,-59.60
23.50,-35.50
18.50,1.50
23.88,-62.35
32.50,-68.26
24.59,-66.86
75.50,-9.00
58.47,0.38
13.30,-60.70
7.24,-70.63
23.54,-57.36
15.50,-30.50
24.29,-59.60
23.50,-35.50
18.50,1.50
24.57,-60.88
32.55,-68.79
24.59,-66.86
75.50,-9.00
50.35,0.16
13.30,-60.70
17.22,-63.90
23.54,-57.36
15.50,-30.50
24.29,-59.60
23.50,-35.50
18.50,1.50
25.07,-61.63
32.55,-68.82
24.59,-66.86
75.50,-9.00
36.54,-0.07
13.30,-60.70
19.42,-50.24
23.54,-57.36
15.50,-30.50
24.29,-59.60
23.50,-35.50
18.50,1.50
25.28,-61.51
32.55,-68.82
24.59,-66.86
75.50,-9.00
22.65,-1.07
13.30,-60.70
19.15,-35.71
23.54,-57.36
15.50,-30.50
24.29,-59.60
23.50,-35.50
18.50,1.50
25.28,-61.48
32.55,-68.82
24.59,-66.86
75.50,-9.00
17.48,-13.91
13.30,-60.70
24.97,-23.56
23.54,-57.36
15.50,-30.50
24.29,-59.60
23.50,-35.50
18.50,1.50
25.28,-61.48
32.55,-68.82
24.59,-66.86
75.50,-9.00
9.96,-25.47
13.30,-60.70
66.13,0.46
38.74,-20.86
23.54,-57.36
15.50,-30.50
22.41,-50.15
23.50,-35.50
18.50,1.50
25.28,-61.48
32.56,-68.84
24.59,-66.86
75.50,-9.00
0.75,-26.96
13.30,-60.70
66.06,-11.22
53.59,-19.78
23.54,-57.36
15.50,-30.50
23.13,-37.40
23.50,-35.50
18.50,1.50
24.35,-61.54
32.56,-68.84
24.59,-66.86
75.50,-9.00
-9.88,-20.57
13.30,-60.70
63.93,-22.35
67.41,-16.54
23.54,-57.36
15.50,-30.50
23.01,-38.09
23.50,-35.50
18.50,1.50
22.53,-61.70
32.56,-68.84
24.59,-66.86
75.50,-9.00
-13.36,-27.50
13.30,-60.70
60.82,-23.43
78.27,-9.10
23.54,-57.36
15.50,-30.50
22.56,-44.11
23.50,-35.50
18.50,1.50
21.78,-61.23
32.56,-68.84
24.59,-66.86
75.50,-9.00
-16.59,-37.42
13.30,-60.70
58.67,-24.65
23.54,-57.36
15.50,-30.50
22.02,-53.64
23.50,-35.50
18.50,1.50
21.75,-61.23
32.56,-68.84
24.59,-66.86
75.50,-9.00
-21.74,-46.93
13.30,-60.70
54.95,-26.64
23.54,-57.36
15.50,-30.50
21.83,-56.31
23.50,-35.50
18.50,1.50
21.82,-61.23
32.56,-68.84
24.59,-66.86
75.50,-9.00
13.30,-60.70
50.93,-27.70
23.54,-57.36
15.50,-30.50
21.83,-56.31
23.50,-35.50
18.50,1.50
21.82,-61.23
32.56,-68.84
24.59,-66.86
75.50,-9.00
13.30,-60.70
48.92,-26.39
23.54,-57.36
15.50,-30.50
23.29,-58.81
23.50,-35.50
18.50,1.50
21.84,-61.23
32.56,-68.84
24.59,-66.86
75.50,-9.00
13.30,-60.70
38.95,-26.29
23.54,-57.36
15.50,-30.50
23.14,-59.16
23.50,-35.50
18.50,1.50
21.84,-61.23
32.56,-68.84
24.59,-66.86
75.50,-9.00
13.30,-60.70
32.85,-22.92
23.54,-57.36
-20.96,-49.08
15.50,-30.50
23.01,-59.38
23.50,-35.50
18.50,1.50
21.84,-61.23
32.56,-68.84
24.59,-66.86
75.50,-9.00
13.30,-60.70
26.20,-20.47
23.54,-57.36
-19.30,-40.98
0.48,-56.51
15.50,-30.50
23.01,-59.38
23.50,-35.50
18.50,1.50
21.84,-61.23
32.56,-68.84
24.59,-66.86
75.50,-9.00
13.30,-60.70
16.46,-15.02
23.54,-57.36
-18.24,-52.51
25.89,-35.50
15.50,-30.50
23.01,-59.38
23.50,-35.50
18.50,1.50
21.84,-61.23
32.58,-69.03
24.59,-66.86
75.50,-9.00
13.30,-60.70
8.35,-5.59
23.54,-57.36
-10.82,-63.94
38.95,-46.29
15.50,-30.50
23.01,-59.38
23.50,-35.50
18.50,1.50
21.84,-61.23
32.50,-68.07
24.59,-66.86
75.50,-9.00
13.30,-60.70
23.54,-57.36
22.91,-35.38
31.10,-54.98
15.50,-30.50
23.01,-59.38
23.50,-35.50
18.50,1.50
21.84,-61.23
32.47,-67.91
24.59,-66.86
75.50,-9.00
13.30,-60.70
23.54,-57.36
22.39,-39.57
25.69,-57.47
15.50,-30.50
23.01,-59.38
23.50,-35.50
18.50,1.50
21.84,-61.23
32.47,-67.81
23.69,-63.51
75.50,-9.00
13.30,-60.70
-3.36,-19.77
23.54,-57.36
26.66,-48.94
27.84,-57.66
15.50,-30.50
23.01,-59.38
23.50,-35.50
18.50,1.50
21.84,-61.23
32.47,-67.81
23.65,-63.98
75.50,-9.00
13.30,-60.70
3.31,-25.59
23.54,-57.36
24.11,-50.38
27.66,-57.25
15.50,-30.50
23.01,-59.38
23.50,-35.50
18.50,1.50
21.84,-61.23
32.47,-67.81
24.26,-66.06
75.50,-9.00
13.30,-60.70
-0.61,-27.52
23.54,-57.36
22.48,-51.00
26.02,-57.25
-15.79,-45.75
15.50,-30.50
23.01,-59.38
23.50,-35.50
18.50,1.50
21.84,-61.23
32.47,-67.81
22.48,-56.50
75.50,-9.00
13.30,-60.70
-0.74,-27.52
23.54,-57.36
27.66,-49.41
33.26,-55.87
-7.31,-45.33
15.50,-30.50
23.01,-59.38
23.50,-35.50
18.50,1.50
22.88,-62.39
32.47,-67.81
26.59,-49.12
75.50,-9.00
13.30,-60.70
-7.28,-21.51
23.54,-57.36
27.75,-49.41
18.61,-45.95
-6.31,-42.30
15.50,-30.50
23.01,-59.38
23.50,-35.50
18.50,1.50
23.41,-62.29
32.47,-67.81
31.24,-51.99
75.50,-9.00
-13.36,-27.06
13.30,-60.70
-13.48,-23.52
23.54,-57.36
27.75,-49.41
16.16,-38.31
15.50,-30.50
23.01,-59.38
23.50,-35.50
18.50,1.50
23.50,-62.29
32.45,-67.79
31.22,-52.01
75.50,-9.00
-15.90,-35.75
13.30,-60.70
-13.51,-31.19
23.54,-57.36
27.38,-49.56
26.97,-36.92
15.50,-30.50
23.00,-59.38
23.50,-35.50
18.50,1.50
23.50,-62.29
32.45,-67.79
31.22,-52.01
75.50,-9.00
-16.95,-36.98
13.30,-60.70
-20.34,-41.87
23.54,-57.36
26.92,-49.70
37.17,-28.74
15.50,-30.50
23.00,-59.38
23.50,-35.50
18.50,1.50
23.50,-62.29
32.45,-67.79
31.22,-52.01
75.50,-9.00
-21.47,-46.61
13.30,-60.70
-21.12,-48.35
23.54,-57.36
25.87,-50.60
43.38,-22.81
15.50,-30.50
23.00,-59.38
23.50,-35.50
18.50,1.50
23.50,-62.29
32.45,-67.79
31.22,-52.01
75.50,-9.00
13.30,-60.70
-20.39,-48.21
23.54,-57.36
26.13,-50.66
26.10,-1.54
43.38,-22.81
15.50,-30.50
23.00,-59.38
23.50,-35.50
18.50,1.50
23.50,-62.29
32.45,-67.79
31.22,-52.01
75.50,-9.00
13.30,-60.70
23.54,-57.36
21.83,-52.79
43.29,-0.35
43.38,-22.81
15.50,-30.50
23.00,-59.38
23.50,-35.50
18.50,1.50
23.50,-62.29
32.75,-70.62
31.22,-52.01
75.50,-9.00
13.30,-60.70
23.54,-57.36
22.56,-59.78
46.50,-3.69
43.38,-22.81
15.50,-30.50
23.00,-59.38
23.50,-35.50
18.50,1.50
23.50,-62.29
32.61,-69.17
31.22,-52.01
75.50,-9.00
13.30,-60.70
23.54,-57.36
24.56,-49.56
49.45,0.29
43.38,-22.81
15.50,-30.50
23.00,-59.38
23.50,-35.50
18.50,1.50
23.48,-62.30
32.30,-66.22
31.22,-52.01
75.50,-9.00
13.30,-60.70
23.54,-57.36
26.38,-49.97
43.38,-22.81
15.50,-30.50
23.00,-59.38
23.50,-35.50
18.50,1.50
23.48,-62.30
32.68,-70.27
31.22,-52.01
75.50,-9.00
13.30,-60.70
23.54,-57.36
26.38,-49.97
43.38,-22.81
15.50,-30.50
23.00,-59.38
23.50,-35.50
18.50,1.50
23.48,-62.30
32.67,-70.01
31.22,-52.01
75.50,-9.00
13.30,-60.70
23.54,-57.36
26.38,-49.97
65.19,-5.22
43.39,-22.81
15.50,-30.50
23.00,-59.38
23.50,-35.50
18.50,1.50
23.48,-62.30
32.67,-70.01
31.22,-52.01
75.50,-9.00
13.30,-60.70
23.54,-57.36
26.38,-49.97
68.86,-7.13
43.39,-22.81
15.50,-30.50
23.00,-59.38
23.50,-35.50
18.50,1.50
23.48,-62.30
32.67,-70.01
31.20,-52.01
75.50,-9.00
13.30,-60.70
23.54,-57.36
26.39,-49.97
43.39,-22.81
15.50,-30.50
23.00,-59.38
23.50,-35.50
18.50,1.50
23.48,-62.30
32.67,-70.01
31.20,-52.01
75.50,-9.00
13.30,-60.70
23.54,-57.36
26.39,-49.97
68.72,-7.92
43.39,-22.81
15.50,-30.50
23.00,-59.38
23.50,-35.50
18.50,1.50
23.92,-62.44
32.67,-70.01
31.20,-52.01
75.50,-9.00
13.30,-60.70
23.54,-57.36
26.39,-49.97
66.96,-15.03
43.39,-22.81
15.50,-30.50
23.00,-59.38
23.50,-35.50
18.50,1.50
22.58,-63.99
32.67,-70.01
31.20,-52.01
75.50,-9.00
13.30,-60.70
23.54,-57.36
26.39,-49.97
66.99,-15.06
43.39,-22.81
15.50,-30.50
23.00,-59.38
23.50,-35.50
18.50,1.50
23.54,-63.27
32.70,-70.42
31.20,-52.01
75.50,-9.00
13.30,-60.70
23.54,-57.36
26.39,-49.97
66.99,-15.06
43.39,-22.81
15.50,-30.50
23.00,-59.38
23.50,-35.50
18.50,1.50
23.54,-63.27
32.61,-69.54
31.20,-52.01
75.50,-9.00
13.30,-60.70
23.54,-57.36
26.39,-49.97
67.93,-16.19
43.39,-22.81
15.50,-30.50
23.00,-59.38
23.50,-35.50
18.50,1.50
23.54,-63.27
32.65,-69.96
31.20,-52.01
75.50,-9.00
13.30,-60.70
23.54,-57.36
26.39,-49.97
72.46,-20.63
43.39,-22.81
15.50,-30.50
23.00,-59.38
23.50,-35.50
18.50,1.50
23.54,-63.27
32.61,-69.45
31.20,-52.01
75.50,-9.00
13.30,-60.70
23.54,-57.36
26.39,-49.97
73.44,-29.86
42.68,-33.99
15.50,-30.50
23.00,-59.38
23.50,-35.50
18.50,1.50
23.54,-63.27
32.56,-68.89
31.20,-52.01
75.50,-9.00
13.30,-60.70
23.54,-57.36
26.39,-49.97
72.91,-33.07
33.09,-37.22
15.50,-30.50
23.00,-59.38
23.50,-35.50
18.50,1.50
23.54,-63.27
32.53,-68.51
31.20,-52.01
75.50,-9.00
13.30,-60.70
23.54,-57.36
26.39,-49.97
73.44,-45.17
33.50,-23.50
15.50,-30.50
23.00,-59.38
23.50,-35.50
18.50,1.50
22.71,-65.96
32.53,-68.42
31.20,-52.01
75.50,-9.00
13.30,-60.70
76.76,-9.19
23.54,-57.36
26.39,-49.97
74.45,-57.82
36.03,-17.91
15.50,-30.50
23.00,-59.38
23.50,-35.50
18.50,1.50
22.34,-66.65
32.53,-68.42
31.20,-52.01
75.50,-9.00
13.30,-60.70
65.63,-17.10
23.54,-57.36
26.39,-49.97
83.65,-67.56
63.44,0.61
15.50,-30.50
23.00,-59.38
23.50,-35.50
18.50,1.50
23.42,-63.18
32.53,-68.42
31.20,-52.01
75.50,-9.00
13.30,-60.70
51.07,-18.41
23.54,-57.36
26.39,-49.97
88.75,-80.46
15.50,-30.50
23.00,-59.38
23.50,-35.50
18.50,1.50
23.45,-63.14
32.53,-68.42
31.20,-52.01
75.50,-9.00
13.30,-60.70
36.53,-19.44
23.54,-57.36
28.14,-50.12
15.50,-30.50
23.00,-59.38
23.50,-35.50
18.50,1.50
23.73,-65.72
32.53,-68.42
31.20,-52.01
75.50,-9.00
13.30,-60.70
23.83,-22.74
23.54,-57.36
-18.74,-40.85
25.43,-50.02
15.50,-30.50
23.00,-59.38
23.50,-35.50
18.50,1.50
24.21,-63.56
32.53,-68.42
32.14,-45.57
75.50,-9.00
13.30,-60.70
19.95,-34.83
23.54,-57.36
-13.52,-29.40
23.56,-49.28
15.50,-30.50
23.00,-59.38
23.50,-35.50
18.50,1.50
21.60,-63.70
32.53,-68.42
30.83,-46.29
75.50,-9.00
13.30,-60.70
19.67,-49.31
23.54,-57.36
-11.45,-19.57
26.24,-49.97
15.50,-30.50
23.00,-59.38
23.50,-35.50
18.50,1.50
23.41,-63.66
32.53,-68.42
31.55,-50.68
75.50,-9.00
13.30,-60.70
23.36,-62.47
23.54,-57.36
-0.27,-25.89
26.30,-50.03
15.50,-30.50
23.00,-59.38
23.50,-35.50
18.50,1.50
23.34,-67.02
32.53,-68.42
29.08,-46.10
75.50,-9.00
13.30,-60.70
18.40,-65.81
23.54,-57.36
12.28,-31.28
15.50,-30.50
23.00,-59.38
23.50,-35.50
18.50,1.50
24.53,-65.67
32.56,-68.92
28.07,-46.50
75.50,-9.00
13.30,-60.70
7.62,-69.19
23.54,-57.36
22.07,-41.62
15.50,-30.50
23.00,-59.38
23.50,-35.50
18.50,1.50
21.52,-62.22
32.53,-68.55
32.43,-50.80
75.50,-9.00
13.30,-60.70
1.12,-61.22
23.54,-57.36
21.89,-53.20
69.37,-91.72
15.50,-30.50
23.00,-59.38
23.50,-35.50
18.50,1.50
21.45,-59.15
32.46,-67.98
31.76,-51.07
75.50,-9.00
13.30,-60.70
-7.45,-50.15
23.54,-57.36
22.40,-66.03
56.62,-88.26
15.50,-30.50
23.00,-59.38
23.50,-35.50
18.50,1.50
23.21,-57.92
32.46,-67.89
31.76,-51.07
75.50,-9.00
13.30,-60.70
-14.79,-44.65
23.54,-57.36
26.67,-73.31
57.04,-88.77
15.50,-30.50
23.00,-59.38
23.50,-35.50
18.50,1.50
23.21,-57.92
32.53,-68.29
31.76,-51.07
75.50,-9.00
13.30,-60.70
23.54,-57.36
29.54,-76.55
69.45,-92.80
15.50,-30.50
23.00,-59.38
23.50,-35.50
18.50,1.50
23.24,-57.95
32.25,-66.32
31.76,-51.07
75.50,-9.00
13.30,-60.70
23.54,-57.36
34.66,-78.25
15.50,-30.50
23.00,-59.38
23.50,-35.50
18.50,1.50
23.24,-57.95
32.25,-66.32
31.76,-51.07
75.50,-9.00
13.30,-60.70
23.54,-57.36
40.08,-79.60
15.50,-30.50
23.00,-59.38
23.50,-35.50
18.50,1.50
23.24,-57.95
32.25,-66.32
31.76,-51.07
75.50,-9.00
13.30,-60.70
23.54,-57.36
51.13,-80.59
15.50,-30.50
23.00,-59.38
23.50,-35.50
18.50,1.50
23.24,-57.95
32.25,-66.32
31.76,-51.07
75.50,-9.00
13.30,-60.70
23.54,-57.36
56.22,-77.18
15.50,-30.50
23.00,-59.38
23.50,-35.50
18.50,1.50
22.77,-57.96
32.25,-66.32
31.76,-51.07
75.50,-9.00
13.30,-60.70
23.54,-57.36
66.27,-76.98
15.50,-30.50
23.00,-59.38
23.50,-35.50
18.50,1.50
22.73,-64.69
32.13,-65.76
31.76,-51.07
75.50,-9.00
13.30,-60.70
23.54,-57.36
78.68,-77.60
15.50,-30.50
23.00,-59.38
23.50,-35.50
18.50,1.50
21.98,-65.42
32.31,-66.77
31.76,-51.07
75.50,-9.00
13.30,-60.70
23.54,-57.36
85.78,-80.72
15.50,-30.50
23.00,-59.38
23.50,-35.50
18.50,1.50
22.60,-63.84
32.29,-66.59
31.76,-51.07
75.50,-9.00
13.30,-60.70
23.54,-57.36
86.94,-81.36
20.53,0.34
15.50,-30.50
23.85,-59.38
23.50,-35.50
18.50,1.50
21.17,-63.98
32.23,-66.37
31.76,-51.07
75.50,-9.00
13.30,-60.70
23.54,-57.36
11.90,-8.32
15.50,-30.50
23.88,-59.38
23.50,-35.50
18.50,1.50
22.80,-65.85
32.23,-66.35
31.51,-50.75
75.50,-9.00
13.30,-60.70
23.54,-57.36
15.50,-30.50
23.88,-59.38
23.50,-35.50
18.50,1.50
19.35,-67.81
32.23,-66.35
31.68,-50.95
75.50,-9.00
13.30,-60.70
23.54,-57.36
15.50,-30.50
23.88,-59.38
23.50,-35.50
18.50,1.50
23.78,-64.53
32.23,-66.35
31.70,-51.67
75.50,-9.00
13.30,-60.70
23.54,-57.36
-3.73,-88.93
15.50,-30.50
23.88,-59.38
23.50,-35.50
18.50,1.50
22.41,-66.45
32.23,-66.35
31.54,-51.32
75.50,-9.00
13.30,-60.70
23.54,-57.36
9.53,-73.27
15.50,-30.50
23.88,-59.38
23.50,-35.50
18.50,1.50
25.49,-66.28
32.23,-66.35
31.57,-51.29
75.50,-9.00
11.98,-65.19
23.54,-57.36
10.72,-53.03
15.50,-30.50
23.88,-59.38
23.50,-35.50
18.50,1.50
22.92,-63.65
32.23,-66.35
31.73,-51.68
75.50,-9.00
12.30,-61.42
23.54,-57.36
-6.39,-37.93
5.00,-24.88
15.50,-30.50
23.88,-59.38
23.50,-35.50
18.50,1.50
23.68,-64.08
32.42,-67.10
31.54,-51.52
75.50,-9.00
12.33,-61.36
23.54,-57.36
-8.90,-16.21
25.80,-28.80
15.50,-30.50
23.88,-59.38
23.50,-35.50
18.50,1.50
23.77,-65.21
32.36,-66.82
31.54,-51.52
75.50,-9.00
12.33,-61.36
23.54,-57.36
-8.96,-15.50
15.50,-30.50
23.88,-59.38
23.50,-35.50
18.50,1.50
24.59,-65.26
32.30,-66.57
31.54,-51.52
75.50,-9.00
13.27,-60.70
23.54,-57.36
-8.96,-15.47
15.50,-30.50
23.88,-59.38
23.50,-35.50
18.50,1.50
22.71,-65.44
32.33,-66.79
31.54,-51.52
75.50,-9.00
13.30,-60.70
23.54,-57.36
-8.96,-15.47
15.50,-30.50
23.88,-59.38
23.50,-35.50
18.50,1.50
24.30,-65.61
32.33,-66.82
31.54,-51.52
75.50,-9.00
13.29,-60.70
23.54,-57.36
-8.96,-15.47
15.50,-30.50
23.88,-59.38
23.50,-35.50
18.50,1.50
21.54,-65.38
32.33,-66.82
31.54,-51.52
75.50,-9.00
13.29,-60.70
23.54,-57.36
-8.96,-15.47
15.50,-30.50
23.88,-59.38
23.50,-35.50
18.50,1.50
25.62,-65.39
32.33,-66.82
31.54,-51.52
75.50,-9.00
13.29,-60.70
23.54,-57.36
-8.96,-15.47
15.50,-30.50
23.88,-59.38
23.50,-35.50
18.50,1.50
24.57,-65.57
32.33,-66.82
31.54,-51.52
75.50,-9.00
13.29,-60.70
23.54,-57.36
-8.96,-15.47
15.50,-30.50
23.88,-59.38
23.50,-35.50
18.50,1.50
23.18,-65.65
32.33,-66.82
31.54,-51.52
75.50,-9.00
12.29,-60.77
23.54,-57.36
-8.96,-15.47
15.50,-30.50
23.88,-59.38
23.50,-35.50
18.50,1.50
21.70,-64.97
32.33,-66.82
31.54,-51.52
75.50,-9.00
13.29,-61.90
23.54,-57.36
-8.96,-15.47
15.50,-30.50
23.88,-59.38
23.50,-35.50
18.50,1.50
21.56,-64.89
32.34,-66.83
31.54,-51.52
75.50,-9.00
13.29,-60.73
23.54,-57.36
-8.96,-15.47
15.50,-30.50
23.90,-59.40
23.50,-35.50
18.50,1.50
22.97,-64.16
32.34,-66.83
31.51,-51.67
75.50,-9.00
13.29,-60.73
23.54,-57.36
-8.94,-15.44
15.50,-30.50
23.90,-59.40
23.50,-35.50
18.50,1.50
24.50,-64.13
32.34,-66.83
31.60,-51.70
75.50,-9.00
13.17,-61.70
23.54,-57.36
-8.94,-15.44
15.50,-30.50
23.90,-59.40
23.50,-35.50
18.50,1.50
23.75,-61.92
32.34,-66.83
31.60,-51.70
75.50,-9.00
12.75,-61.81
23.54,-57.36
-8.94,-15.44
15.50,-30.50
23.90,-59.40
23.50,-35.50
18.50,1.50
23.04,-65.30
32.29,-66.50
31.60,-51.70
75.50,-9.00
13.29,-60.73
23.54,-57.36
-8.94,-15.44
15.50,-30.50
23.90,-59.40
23.50,-35.50
18.50,1.50
22.15,-69.39
32.28,-66.42
31.60,-51.70
75.50,-9.00
13.29,-60.70
23.54,-57.36
-19.28,-50.04
-8.94,-15.44
15.50,-30.50
23.90,-59.40
23.50,-35.50
18.50,1.50
24.30,-65.08
32.25,-66.33
31.60,-51.70
75.50,-9.00
13.29,-60.70
23.54,-57.36
-13.21,-54.34
15.50,-30.50
23.90,-59.40
23.50,-35.50
18.50,1.50
24.46,-64.44
32.25,-66.33
31.60,-51.70
75.50,-9.00
13.29,-60.70
23.54,-57.36
-9.06,-66.66
15.50,-30.50
23.90,-59.40
23.50,-35.50
18.50,1.50
20.98,-63.96
32.25,-66.33
31.60,-51.70
75.50,-9.00
12.39,-61.70
23.54,-57.36
-15.31,-75.12
15.50,-30.50
23.90,-59.40
23.50,-35.50
18.50,1.50
24.90,-64.84
32.25,-66.33
31.60,-51.70
75.50,-9.00
13.29,-60.70
23.54,-57.36
15.50,-30.50
23.90,-59.40
23.50,-35.50
18.50,1.50
21.88,-60.87
32.25,-66.33
31.61,-51.70
75.50,-9.00
12.84,-61.42
23.54,-57.36
96.29,-52.15
15.50,-30.50
23.90,-59.40
23.50,-35.50
18.50,1.50
23.95,-66.80
32.25,-66.33
31.61,-51.70
75.50,-9.00
13.29,-60.73
23.54,-57.36
90.83,-55.44
15.50,-30.50
23.90,-59.40
23.50,-35.50
18.50,1.50
22.80,-64.44
32.25,-66.33
31.61,-51.70
75.50,-9.00
13.29,-60.71
23.54,-57.36
82.21,-58.37
15.50,-30.50
23.90,-59.40
23.50,-35.50
18.50,1.50
23.17,-66.24
32.25,-66.33
31.61,-51.70
75.50,-9.00
13.30,-60.70
23.54,-57.36
71.69,-59.36
15.50,-30.50
23.90,-59.40
23.50,-35.50
18.50,1.50
23.03,-65.95
32.25,-66.33
31.61,-51.70
75.50,-9.00
13.30,-60.70
23.54,-57.36
71.60,-59.38
15.50,-30.50
23.90,-59.40
23.50,-35.50
18.50,1.50
22.81,-67.15
32.59,-67.72
31.61,-51.70
75.50,-9.00
12.79,-61.26
23.54,-57.36
71.62,-59.38
15.50,-30.50
22.72,-61.00
23.50,-35.50
18.50,1.50
21.80,-65.41
32.50,-67.36
31.61,-51.70
75.50,-9.00
13.30,-60.77
23.54,-57.36
71.62,-59.38
15.50,-30.50
22.72,-61.03
23.50,-35.50
18.50,1.50
22.30,-65.57
32.12,-65.89
31.61,-51.70
75.50,-9.00
13.30,-60.70
23.54,-57.36
71.62,-59.38
15.50,-30.50
22.72,-61.03
23.50,-35.50
18.50,1.50
22.53,-62.30
32.12,-65.79
31.61,-51.70
75.50,-9.00
13.30,-60.70
23.54,-57.36
71.62,-59.38
15.50,-30.50
22.72,-61.03
23.50,-35.50
18.50,1.50
22.53,-62.30
32.12,-65.79
31.61,-51.70
75.50,-9.00
13.30,-60.70
23.54,-57.36
71.62,-59.38
15.50,-30.50
22.72,-61.03
23.50,-35.50
18.50,1.50
22.53,-62.30
32.10,-65.80
31.61,-51.70
75.50,-9.00
13.30,-60.70
23.54,-57.36
71.62,-59.38
15.50,-30.50
23.50,-35.50
18.50,1.50
22.53,-62.30
32.10,-65.80
31.61,-51.70
75.50,-9.00
13.30,-60.70
23.54,-57.36
71.62,-59.38
15.50,-30.50
23.50,-35.50
18.50,1.50
24.37,-65.80
32.10,-65.80
31.61,-51.70
75.50,-9.00
13.30,-60.70
23.54,-57.36
71.62,-59.38
15.50,-30.50
23.50,-35.50
18.50,1.50
23.24,-68.85
32.10,-65.80
31.61,-51.70
75.50,-9.00
13.30,-60.70
23.54,-57.36
71.85,-59.03
15.50,-30.50
23.50,-35.50
18.50,1.50
23.37,-64.05
32.10,-65.80
31.61,-51.70
75.50,-9.00
13.30,-60.70
23.54,-57.36
72.96,-64.29
15.50,-30.50
23.50,-35.50
18.50,1.50
24.96,-66.71
32.10,-65.80
31.61,-51.70
75.50,-9.00
13.30,-60.70
23.54,-57.36
69.84,-74.80
15.50,-30.50
23.50,-35.50
18.50,1.50
24.96,-66.71
32.08,-65.72
31.61,-51.70
75.50,-9.00
13.30,-60.70
23.54,-57.36
57.87,-79.28
15.50,-30.50
23.50,-35.50
18.50,1.50
24.96,-66.71
32.13,-66.02
31.61,-51.70
75.50,-9.00
13.30,-60.70
23.54,-57.36
55.71,-79.29
15.50,-30.50
23.50,-35.50
18.50,1.50
24.96,-66.71
32.10,-65.89
31.61,-51.70
75.50,-9.00
13.30,-60.70
23.54,-57.36
-2.56,-94.96
54.02,-88.22
15.50,-30.50
23.50,-35.50
18.50,1.50
24.96,-66.71
32.10,-65.86
31.61,-51.70
75.50,-9.00
13.30,-60.70
23.54,-57.36
0.94,-92.64
50.32,-97.93
15.50,-30.50
23.50,-35.50
18.50,1.50
24.96,-66.71
32.03,-65.54
31.61,-51.70
75.50,-9.00
13.30,-60.70
23.54,-57.36
4.50,-90.29
43.79,-100.91
15.50,-30.50
23.50,-35.50
18.50,1.50
24.96,-66.71
31.91,-65.05
31.61,-51.70
75.50,-9.00
13.30,-60.70
23.54,-57.36
7.87,-87.98
32.17,-104.62
15.50,-30.50
23.50,-35.50
18.50,1.50
24.96,-66.71
32.19,-66.25
31.61,-51.70
75.50,-9.00
13.30,-60.70
23.54,-57.36
10.47,-84.88
18.71,-102.63
15.50,-30.50
23.50,-35.50
18.50,1.50
24.96,-66.71
31.88,-64.83
31.61,-51.70
75.50,-9.00
13.30,-60.70
23.54,-57.36
13.41,-80.29
17.27,-101.88
15.50,-30.50
23.50,-35.50
18.50,1.50
24.96,-66.71
31.88,-64.83
31.61,-51.70
75.50,-9.00
13.30,-60.70
23.54,-57.36
18.98,-75.59
17.27,-101.90
15.50,-30.50
23.50,-35.50
18.50,1.50
22.16,-66.74
31.88,-64.83
31.61,-51.70
75.50,-9.00
13.30,-60.70
23.54,-57.36
17.58,-71.72
17.27,-101.90
15.50,-30.50
23.50,-35.50
18.50,1.50
31.88,-64.83
31.61,-51.70
75.50,-9.00
13.30,-60.70
23.54,-57.36
16.56,-67.94
17.27,-101.90
15.50,-30.50
23.50,-35.50
18.50,1.50
32.00,-65.42
31.61,-51.70
75.50,-9.00
13.30,-60.70
23.54,-57.36
13.93,-65.10
17.27,-101.90
15.50,-30.50
23.50,-35.50
18.50,1.50
32.13,-65.99
31.61,-51.70
75.50,-9.00
13.30,-60.70
23.54,-57.36
12.30,-60.43
17.27,-101.90
15.50,-30.50
23.50,-35.50
18.50,1.50
32.10,-65.92
31.61,-51.70
75.50,-9.00
13.30,-60.70
23.54,-57.36
8.57,-51.64
17.27,-101.90
15.50,-30.50
23.50,-35.50
18.50,1.50
32.12,-65.91
31.61,-51.70
75.50,-9.00
13.30,-60.70
23.54,-57.36
7.02,-45.75
17.27,-101.90
15.50,-30.50
23.50,-35.50
18.50,1.50
32.12,-65.91
31.61,-51.70
75.50,-9.00
13.30,-60.70
23.54,-57.36
6.02,-40.81
17.27,-101.90
15.50,-30.50
23.50,-35.50
18.50,1.50
32.23,-66.23
31.61,-51.70
75.50,-9.00
13.30,-60.70
23.54,-57.36
3.72,-39.05
17.27,-101.90
15.50,-30.50
23.50,-35.50
18.50,1.50
32.25,-66.32
31.61,-51.70
75.50,-9.00
13.30,-60.70
23.54,-57.36
7.68,-40.77
17.27,-101.90
15.50,-30.50
23.50,-35.50
18.50,1.50
32.25,-66.41
31.61,-51.70
75.50,-9.00
13.30,-60.70
23.54,-57.36
12.03,-32.57
17.27,-101.90
15.50,-30.50
23.50,-35.50
18.50,1.50
32.25,-66.41
31.61,-51.70
75.50,-9.00
13.30,-60.70
23.54,-57.36
0.49,-27.95
17.27,-101.90
15.50,-30.50
23.50,-35.50
18.50,1.50
32.25,-66.41
31.61,-51.70
75.50,-9.00
13.30,-60.70
23.54,-57.36
-10.51,-20.32
17.27,-101.90
15.50,-30.50
23.50,-35.50
18.50,1.50
32.25,-66.41
31.61,-51.70
75.50,-9.00
13.30,-60.70
23.54,-57.36
-13.05,-28.05
17.27,-101.90
15.50,-30.50
23.50,-35.50
18.50,1.50
32.25,-66.41
31.61,-51.70
75.50,-9.00
13.30,-60.70
25.51,-52.26
-18.15,-41.41
17.27,-101.90
9.67,-8.85
15.50,-30.50
23.50,-35.50
18.50,1.50
32.34,-66.78
30.18,-47.14
75.50,-9.00
13.30,-60.70
38.65,-37.41
17.27,-101.90
27.09,-2.99
15.50,-30.50
23.50,-35.50
18.50,1.50
32.16,-65.98
38.02,-45.60
75.50,-9.00
13.30,-60.70
34.36,-27.60
-16.30,-63.70
17.27,-101.90
67.74,-3.46
15.50,-30.50
23.50,-35.50
18.50,1.50
32.58,-67.92
31.51,-51.02
75.50,-9.00
13.30,-60.70
31.63,-19.74
17.27,-101.90
15.50,-30.50
23.50,-35.50
18.50,1.50
30.02,-63.80
31.28,-51.63
75.50,-9.00
13.30,-60.70
17.08,-19.62
17.27,-101.90
15.50,-30.50
23.50,-35.50
18.50,1.50
33.03,-67.60
31.28,-51.66
75.50,-9.00
13.30,-60.70
6.68,-28.37
17.27,-101.90
15.50,-30.50
23.50,-35.50
18.50,1.50
32.37,-64.19
32.59,-48.04
75.50,-9.00
13.30,-60.70
-2.22,-27.44
17.27,-101.90
53.54,-97.09
15.50,-30.50
23.50,-35.50
18.50,1.50
32.34,-64.07
38.22,-44.82
75.50,-9.00
13.30,-60.70
8.81,-29.88
17.27,-101.90
83.43,-89.92
15.50,-30.50
23.50,-35.50
18.50,1.50
32.56,-65.03
30.77,-50.65
75.50,-9.00
13.30,-60.70
18.36,-38.03
17.27,-101.90
15.50,-30.50
23.50,-35.50
18.50,1.50
32.56,-65.10
31.50,-51.44
75.50,-9.00
10.40,-57.24
26.03,-48.09
17.27,-101.90
15.50,-30.50
23.50,-35.50
18.50,1.50
31.38,-64.00
24.20,-46.47
75.50,-9.00
8.12,-44.98
35.32,-46.87
17.27,-101.90
-21.18,-45.73
15.50,-30.50
23.50,-35.50
18.50,1.50
32.00,-64.19
23.00,-36.94
75.50,-9.00
-6.02,-24.08
42.06,-38.72
17.27,-101.90
-13.26,-31.41
-11.33,-38.39
15.50,-30.50
23.50,-35.50
18.50,1.50
32.34,-63.99
23.00,-36.91
75.50,-9.00
45.58,-25.38
17.27,-101.90
-11.11,-43.86
15.50,-30.50
23.50,-35.50
18.50,1.50
32.34,-63.99
23.00,-36.91
75.50,-9.00
42.43,-34.17
17.27,-101.90
-4.12,-54.98
15.50,-30.50
23.50,-35.50
18.50,1.50
32.34,-63.99
23.00,-36.91
75.50,-9.00
34.12,-34.32
17.27,-101.90
3.97,-65.56
15.50,-30.50
23.50,-35.50
18.50,1.50
32.34,-63.99
23.00,-36.91
75.50,-9.00
33.19,-21.97
17.27,-101.90
14.49,-68.12
15.50,-30.50
23.50,-35.50
18.50,1.50
32.76,-65.91
23.00,-36.91
75.50,-9.00
31.28,-18.45
17.27,-101.90
7.43,-66.86
15.50,-30.50
23.50,-35.50
18.50,1.50
32.69,-65.52
23.00,-36.91
75.50,-9.00
19.43,-19.03
17.27,-101.90
2.12,-65.59
15.50,-30.50
23.50,-35.50
18.50,1.50
32.69,-65.55
23.00,-36.91
75.50,-9.00
9.22,-27.10
17.27,-101.90
3.23,-72.79
15.50,-30.50
23.50,-35.50
18.50,1.50
32.37,-64.18
23.00,-36.91
75.50,-9.00
-2.95,-26.08
17.27,-101.90
-6.17,-82.66
15.50,-30.50
23.50,-35.50
18.50,1.50
32.66,-65.49
23.00,-36.91
75.50,-9.00
17.27,-101.90
15.50,-30.50
23.50,-35.50
18.50,1.50
32.69,-65.52
23.00,-36.93
75.50,-9.00
-14.03,-30.34
17.27,-101.90
15.50,-30.50
23.50,-35.50
18.50,1.50
32.69,-65.52
23.00,-36.93
75.50,-9.00
-20.44,-43.48
17.27,-101.90
15.50,-30.50
23.50,-35.50
18.50,1.50
32.72,-65.68
23.00,-36.93
75.50,-9.00
17.27,-101.90
15.50,-30.50
23.50,-35.50
18.50,1.50
32.59,-65.18
23.00,-36.93
75.50,-9.00
17.27,-101.90
15.50,-30.50
23.50,-35.50
18.50,1.50
32.66,-65.43
23.00,-36.93
75.50,-9.00
17.27,-101.90
15.50,-30.50
23.50,-35.50
18.50,1.50
32.56,-65.05
23.00,-36.93
75.50,-9.00
17.27,-101.90
15.50,-30.50
23.50,-35.50
18.50,1.50
32.56,-64.96
23.00,-36.93
75.50,-9.00
17.27,-101.90
15.50,-30.50
23.50,-35.50
18.50,1.50
32.56,-64.96
23.00,-36.93
75.50,-9.00
17.27,-101.90
15.50,-30.50
23.50,-35.50
18.50,1.50
32.56,-64.96
23.00,-36.93
75.50,-9.00
17.27,-101.90
-8.50,-28.50
15.50,-30.50
23.50,-35.50
18.50,1.50
32.56,-64.96
23.00,-36.93
75.50,-9.00
-20.27,-56.86
17.27,-101.90
3.06,-37.54
15.50,-30.50
23.50,-35.50
18.50,1.50
32.62,-65.36
23.00,-36.93
75.50,-9.00
0.17,-60.57
17.27,-101.90
13.80,-38.69
15.50,-30.50
23.50,-35.50
18.50,1.50
32.57,-65.51
23.00,-36.93
75.50,-9.00
11.76,-61.48
17.27,-101.90
17.13,-33.76
15.50,-30.50
23.50,-35.50
18.50,1.50
32.57,-65.51
23.00,-36.93
75.50,-9.00
19.70,-74.82
17.27,-101.90
22.47,-35.44
15.50,-30.50
23.50,-35.50
18.50,1.50
32.57,-65.51
23.02,-36.97
75.50,-9.00
21.44,-70.00
17.27,-101.90
23.01,-38.21
15.50,-30.50
23.50,-35.50
18.50,1.50
32.57,-65.51
26.46,-46.97
75.50,-9.00
23.74,-54.37
17.27,-101.90
22.56,-41.56
15.50,-30.50
23.50,-35.50
18.50,1.50
32.57,-65.51
31.65,-51.90
75.50,-9.00
26.34,-39.29
17.27,-101.90
24.28,-49.19
15.50,-30.50
23.50,-35.50
18.50,1.50
32.57,-65.51
31.65,-51.90
75.50,-9.00
14.37,-34.71
17.27,-101.90
24.47,-49.72
15.50,-30.50
23.50,-35.50
18.50,1.50
32.57,-65.51
31.65,-51.90
75.50,-9.00
15.10,-20.50
17.27,-101.90
36.63,-53.14
15.50,-30.50
23.50,-35.50
18.50,1.50
32.57,-65.51
31.65,-51.90
75.50,-9.00
21.27,-27.18
17.27,-101.90
49.95,-53.86
15.50,-30.50
23.50,-35.50
18.50,1.50
32.57,-65.51
31.65,-51.90
75.50,-9.00
30.84,-19.18
17.27,-101.90
49.81,-54.03
15.50,-30.50
23.50,-35.50
18.50,1.50
32.57,-65.51
31.64,-51.89
75.50,-9.00
45.06,-4.21
17.27,-101.90
49.78,-54.06
15.50,-30.50
23.50,-35.50
18.50,1.50
33.01,-67.73
31.64,-51.89
75.50,-9.00
17.27,-101.90
49.78,-54.06
15.50,-30.50
23.50,-35.50
18.50,1.50
32.56,-65.49
31.64,-51.89
75.50,-9.00
62.91,1.02
17.27,-101.90
49.78,-54.06
15.50,-30.50
23.50,-35.50
18.50,1.50
32.65,-65.91
31.64,-51.89
75.50,-9.00
68.04,-10.03
17.31,-101.81
49.78,-54.06
15.50,-30.50
23.50,-35.50
18.50,1.50
32.48,-65.05
31.64,-51.89
75.50,-9.00
21.64,-100.62
49.78,-54.06
15.50,-30.50
23.50,-35.50
18.50,1.50
32.48,-65.01
31.64,-51.89
75.50,-9.00
28.02,-100.32
49.78,-54.06
15.50,-30.50
23.50,-35.50
18.50,1.50
31.50,-59.63
31.64,-51.89
75.50,-9.00
30.32,-99.08
49.78,-54.06
15.50,-30.50
23.50,-35.50
18.50,1.50
31.97,-62.19
31.64,-51.89
75.50,-9.00
30.32,-99.08
47.00,0.68
49.78,-54.06
15.50,-30.50
23.50,-35.50
18.50,1.50
31.54,-60.26
31.64,-51.89
75.50,-9.00
30.32,-99.08
49.78,-54.06
15.50,-30.50
23.50,-35.50
18.50,1.50
31.51,-60.20
32.50,-49.37
75.50,-9.00
30.32,-99.08
49.78,-54.06
15.50,-30.50
23.50,-35.50
18.50,1.50
31.51,-60.20
31.74,-51.70
75.50,-9.00
30.32,-99.08
49.78,-54.06
15.50,-30.50
23.50,-35.50
18.50,1.50
31.52,-60.21
31.74,-51.70
75.50,-9.00
30.32,-99.08
49.81,-54.06
15.50,-30.50
23.50,-35.50
18.50,1.50
31.63,-60.14
31.74,-51.70
75.50,-9.00
30.32,-99.08
49.81,-54.06
15.50,-30.50
23.50,-35.50
18.50,1.50
31.84,-61.83
31.74,-51.70
75.50,-9.00
30.32,-99.08
49.81,-54.06
15.50,-30.50
23.50,-35.50
18.50,1.50
31.59,-60.44
31.74,-51.70
75.50,-9.00
30.32,-99.08
49.81,-54.06
15.50,-30.50
23.50,-35.50
18.50,1.50
31.55,-60.27
31.74,-51.70
75.50,-9.00
30.32,-99.08
49.81,-54.06
15.50,-30.50
23.50,-35.50
18.50,1.50
31.55,-60.24
31.74,-51.70
75.50,-9.00
30.32,-99.08
49.81,-54.06
15.50,-30.50
23.50,-35.50
18.50,1.50
31.55,-60.24
31.74,-51.70
75.50,-9.00
28.85,-93.00
49.81,-54.06
15.50,-30.50
23.50,-35.50
18.50,1.50
31.55,-60.24
31.20,-47.31
75.50,-9.00
31.61,-80.96
49.81,-54.06
15.50,-30.50
23.50,-35.50
18.50,1.50
31.55,-60.24
32.60,-48.73
75.50,-9.00
54.58,-0.54
29.09,-74.40
49.81,-54.06
5.82,-58.16
15.50,-30.50
23.50,-35.50
18.50,1.50
31.55,-60.24
31.32,-51.31
75.50,-9.00
46.17,-1.24
25.57,-72.55
49.81,-54.06
2.47,-90.87
15.50,-30.50
23.50,-35.50
18.50,1.50
31.55,-60.24
31.99,-50.19
75.50,-9.00
38.96,-17.13
21.74,-71.30
49.81,-54.06
15.50,-30.50
23.50,-35.50
18.50,1.50
31.55,-60.24
31.01,-50.68
75.50,-9.00
30.96,-34.98
17.61,-70.65
49.81,-54.06
15.50,-30.50
23.50,-35.50
18.50,1.50
32.11,-63.30
31.57,-51.47
75.50,-9.00
30.27,-35.73
15.30,-71.36
49.81,-54.06
15.50,-30.50
23.50,-35.50
18.50,1.50
32.14,-63.36
31.57,-51.47
75.50,-9.00
30.27,-35.73
16.99,-68.52
49.81,-54.06
15.50,-30.50
23.50,-35.50
18.50,1.50
32.14,-63.43
31.57,-51.47
75.50,-9.00
30.27,-35.73
21.07,-67.92
49.81,-54.06
15.50,-30.50
23.50,-35.50
18.50,1.50
32.14,-63.43
31.57,-51.47
75.50,-9.00
30.27,-35.73
22.85,-64.47
49.81,-54.06
15.50,-30.50
23.50,-35.50
18.50,1.50
32.14,-63.43
31.57,-51.47
75.50,-9.00
30.27,-35.73
22.74,-60.26
49.81,-54.06
15.50,-30.50
23.50,-35.50
18.50,1.50
32.32,-64.39
31.57,-51.47
75.50,-9.00
30.27,-35.73
21.04,-56.63
49.81,-54.06
15.50,-30.50
23.50,-35.50
18.50,1.50
32.27,-64.05
31.57,-51.47
75.50,-9.00
30.27,-35.73
18.11,-53.84
49.81,-54.06
15.50,-30.50
23.50,-35.50
18.50,1.50
32.24,-63.99
31.57,-51.47
75.50,-9.00
30.27,-35.73
15.80,-51.36
49.81,-54.06
15.50,-30.50
23.50,-35.50
18.50,1.50
32.24,-63.97
31.57,-51.47
75.50,-9.00
30.27,-35.73
15.30,-51.65
49.81,-54.06
15.50,-30.50
23.50,-35.50
18.50,1.50
32.34,-64.39
31.57,-51.47
75.50,-9.00
30.27,-35.73
13.34,-53.86
49.81,-54.06
15.50,-30.50
23.50,-35.50
18.50,1.50
32.34,-64.47
31.57,-51.47
75.50,-9.00
30.27,-35.73
11.18,-50.36
49.81,-54.06
15.50,-30.50
23.50,-35.50
18.50,1.50
32.38,-64.67
31.57,-51.47
75.50,-9.00
30.27,-35.73
10.36,-46.36
49.81,-54.06
15.50,-30.50
23.50,-35.50
18.50,1.50
32.27,-64.07
31.57,-51.47
75.50,-9.00
30.27,-35.73
10.15,-42.90
49.81,-54.06
15.50,-30.50
23.50,-35.50
18.50,1.50
32.27,-63.97
31.57,-51.47
75.50,-9.00
30.27,-35.73
9.77,-41.36
49.81,-54.06
15.50,-30.50
23.50,-35.50
18.50,1.50
32.27,-63.97
31.57,-51.47
75.50,-9.00
30.27,-35.73
10.79,-40.25
49.81,-54.06
15.50,-30.50
23.50,-35.50
18.50,1.50
32.27,-63.97
31.67,-51.48
75.50,-9.00
30.27,-35.73
11.91,-39.94
49.81,-54.06
15.50,-30.50
23.50,-35.50
18.50,1.50
32.27,-63.97
31.67,-51.48
75.50,-9.00
30.27,-35.73
12.29,-35.34
49.81,-54.06
15.50,-30.50
23.50,-35.50
18.50,1.50
32.27,-63.97
31.67,-51.48
75.50,-9.00
30.26,-35.73
12.50,-26.77
49.81,-54.06
27.09,-105.14
15.50,-30.50
23.50,-35.50
18.50,1.50
32.27,-63.97
31.67,-51.48
75.50,-9.00
30.26,-35.73
13.58,-17.08
49.81,-54.06
31.15,-93.92
15.50,-30.50
23.50,-35.50
18.50,1.50
32.27,-63.97
31.67,-51.48
75.50,-9.00
30.26,-35.73
13.78,-10.27
49.81,-54.06
38.25,-84.39
15.50,-30.50
23.50,-35.50
18.50,1.50
32.27,-63.97
31.67,-51.48
75.50,-9.00
30.26,-35.73
9.49,-4.23
49.81,-54.06
44.74,-81.38
15.50,-30.50
23.50,-35.50
18.50,1.50
32.27,-63.97
31.67,-51.48
75.50,-9.00
30.26,-35.73
49.81,-54.06
55.97,-75.68
15.50,-30.50
23.50,-35.50
18.50,1.50
32.27,-63.97
31.67,-51.48
75.50,-9.00
30.26,-35.73
49.81,-54.06
66.86,-67.34
15.50,-30.50
23.50,-35.50
18.50,1.50
32.27,-63.97
31.67,-51.48
75.50,-9.00
30.26,-35.73
49.81,-54.06
80.05,-63.15
15.50,-30.50
23.50,-35.50
18.50,1.50
32.27,-63.97
31.67,-51.48
75.50,-9.00
30.26,-35.73
49.81,-54.06
88.38,-73.70
15.50,-30.50
23.50,-35.50
18.50,1.50
32.27,-63.97
31.67,-51.48
75.50,-9.00
26.83,-31.86
49.81,-54.06
15.50,-30.50
23.50,-35.50
18.50,1.50
32.27,-63.97
31.67,-51.48
75.50,-9.00
14.53,-26.75
49.81,-54.06
15.50,-30.50
23.50,-35.50
18.50,1.50
32.34,-64.39
31.67,-51.48
75.50,-9.00
-0.76,-27.38
49.81,-54.06
15.50,-30.50
23.50,-35.50
18.50,1.50
32.34,-64.44
31.67,-51.48
75.50,-9.00
-10.51,-19.12
49.81,-54.06
15.50,-30.50
23.50,-35.50
18.50,1.50
32.34,-64.48
31.67,-51.48
75.50,-9.00
-12.11,-28.70
49.81,-54.06
15.50,-30.50
23.50,-35.50
18.50,1.50
32.34,-64.48
31.67,-51.48
75.50,-9.00
-21.54,-47.43
49.81,-54.06
15.50,-30.50
23.50,-35.50
18.50,1.50
32.34,-64.48
31.62,-51.46
75.50,-9.00
49.81,-54.06
15.50,-30.50
23.50,-35.50
18.50,1.50
32.34,-64.48
23.83,-44.36
75.50,-9.00
49.81,-54.06
15.50,-30.50
23.50,-35.50
18.50,1.50
32.06,-63.04
23.08,-37.60
75.50,-9.00
49.81,-54.06
15.50,-30.50
23.50,-35.50
18.50,1.50
32.19,-63.88
23.08,-37.54
75.50,-9.00
49.81,-54.06
15.50,-30.50
23.50,-35.50
18.50,1.50
32.19,-63.91
23.09,-37.56
75.50,-9.00
49.81,-54.06
15.50,-30.50
23.50,-35.50
18.50,1.50
32.19,-63.91
23.09,-37.56
75.50,-9.00
49.81,-54.06
15.50,-30.50
23.50,-35.50
18.50,1.50
32.19,-63.91
23.09,-37.56
75.50,-9.00
49.81,-54.06
15.50,-30.50
23.50,-35.50
18.50,1.50
32.19,-63.91
23.09,-37.56
75.50,-9.00
49.81,-54.06
15.50,-30.50
23.50,-35.50
18.50,1.50
32.19,-63.91
23.09,-37.56
75.50,-9.00
49.81,-54.06
15.50,-30.50
23.50,-35.50
18.50,1.50
32.19,-63.91
23.09,-37.56
75.50,-9.00
4.95,-76.27
49.81,-54.06
15.50,-30.50
23.50,-35.50
18.50,1.50
32.19,-63.91
23.09,-37.56
75.50,-9.00
5.78,-74.39
49.81,-54.06
15.50,-30.50
23.50,-35.50
18.50,1.50
32.19,-63.91
23.09,-37.56
75.50,-9.00
5.88,-74.27
49.81,-54.06
15.50,-30.50
23.50,-35.50
18.50,1.50
32.19,-63.91
23.09,-37.56
75.50,-9.00
19.75,-68.64
49.81,-54.06
39.93,0.50
15.50,-30.50
23.50,-35.50
18.50,1.50
32.19,-63.91
23.09,-37.56
75.50,-9.00
21.81,-52.20
49.81,-54.06
15.50,-30.50
23.50,-35.50
18.50,1.50
32.19,-63.91
23.09,-37.56
75.50,-9.00
21.34,-43.26
49.81,-54.06
15.50,-30.50
23.50,-35.50
18.50,1.50
32.28,-64.38
23.09,-37.56
75.50,-9.00
49.81,-54.06
15.50,-30.50
23.50,-35.50
18.50,1.50
32.18,-63.97
21.97,-38.89
75.50,-9.00
15.25,2.28
49.81,-54.06
15.50,-30.50
23.50,-35.50
18.50,1.50
32.18,-63.97
22.18,-45.06
75.50,-9.00
11.19,-0.70
49.81,-54.06
11.16,-0.04
15.50,-30.50
23.50,-35.50
18.50,1.50
32.18,-63.97
20.78,-40.31
75.50,-9.00
12.50,-0.70
49.81,-54.06
12.22,0.61
15.50,-30.50
23.50,-35.50
18.50,1.50
32.18,-63.97
22.59,-36.94
75.50,-9.00
12.50,-0.70
49.81,-54.06
12.22,0.61
15.50,-30.50
23.50,-35.50
18.50,1.50
32.18,-63.97
22.59,-36.94
75.50,-9.00
12.50,-0.70
49.81,-54.06
12.22,0.61
0.63,-58.05
15.50,-30.50
23.50,-35.50
18.50,1.50
32.18,-63.97
22.59,-36.94
75.50,-9.00
10.43,-1.87
49.81,-54.06
12.20,0.62
17.50,-70.53
15.50,-30.50
23.50,-35.50
18.50,1.50
32.18,-63.97
22.59,-36.94
75.50,-9.00
6.06,-2.23
49.81,-54.06
9.25,-4.53
30.88,-88.12
15.50,-30.50
23.50,-35.50
18.50,1.50
32.18,-63.97
22.58,-36.93
75.50,-9.00
8.28,0.09
49.81,-54.06
45.25,-90.29
-7.48,-75.50
15.50,-30.50
23.50,-35.50
18.50,1.50
32.18,-63.97
22.57,-36.92
75.50,-9.00
19.06,3.26
49.81,-54.06
10.50,0.52
55.09,-81.47
6.45,-86.49
15.50,-30.50
23.50,-35.50
18.50,1.50
32.18,-63.97
22.57,-36.92
75.50,-9.00
49.81,-54.06
65.62,-73.05
32.20,-108.22
15.50,-30.50
23.50,-35.50
18.50,1.50
32.18,-63.97
22.57,-36.92
75.50,-9.00
49.81,-54.06
77.85,-72.56
15.50,-30.50
23.50,-35.50
18.50,1.50
32.18,-63.97
22.57,-36.92
75.50,-9.00
49.81,-54.06
80.57,-72.20
6.34,-12.15
15.50,-30.50
23.50,-35.50
18.50,1.50
32.18,-63.97
22.57,-36.92
75.50,-9.00
49.81,-54.06
-15.58,-34.41
66.43,-71.41
15.27,-22.59
15.50,-30.50
23.50,-35.50
18.50,1.50
32.18,-63.97
22.57,-36.92
75.50,-9.00
49.81,-54.06
17.66,-6.23
-11.02,-25.10
51.98,-73.45
20.54,-56.08
15.50,-30.50
23.50,-35.50
18.50,1.50
32.18,-63.97
22.57,-36.92
75.50,-9.00
49.81,-54.06
14.47,-20.49
-4.15,-25.07
42.86,-78.07
28.61,-96.03
15.50,-30.50
23.50,-35.50
18.50,1.50
32.62,-65.34
22.57,-36.92
75.50,-9.00
49.81,-54.06
13.66,-29.97
8.48,-26.07
31.00,-83.03
15.50,-30.50
23.50,-35.50
18.50,1.50
31.75,-65.22
22.57,-36.92
75.50,-9.00
49.81,-54.06
13.70,-30.00
-11.77,-66.96
14.60,-14.19
39.22,-83.48
15.50,-30.50
23.50,-35.50
18.50,1.50
32.61,-65.05
22.57,-36.92
75.50,-9.00
49.81,-54.06
13.70,-30.00
-14.11,-65.97
14.88,-0.19
58.82,-88.85
15.50,-30.50
23.50,-35.50
18.50,1.50
32.12,-63.97
22.57,-36.92
75.50,-9.00
49.81,-54.06
54.58,-94.23
15.50,-30.50
23.50,-35.50
18.50,1.50
32.18,-64.37
24.81,-46.40
75.50,-9.00
49.81,-54.06
55.90,-80.69
15.50,-30.50
23.50,-35.50
18.50,1.50
32.15,-64.23
31.48,-51.67
75.50,-9.00
49.81,-54.06
66.39,-72.91
15.50,-30.50
23.50,-35.50
18.50,1.50
32.12,-64.23
31.48,-51.67
75.50,-9.00
49.81,-54.06
78.07,-72.94
15.50,-30.50
23.50,-35.50
18.50,1.50
32.12,-64.23
31.48,-51.67
75.50,-9.00
49.81,-54.06
80.65,-72.49
15.50,-30.50
23.50,-35.50
18.50,1.50
32.12,-64.23
31.48,-51.67
75.50,-9.00
49.81,-54.06
67.64,-71.73
15.50,-30.50
23.50,-35.50
18.50,1.50
32.12,-64.23
31.48,-51.67
75.50,-9.00
49.81,-54.06
54.37,-74.37
15.50,-30.50
23.50,-35.50
18.50,1.50
32.12,-64.23
31.48,-51.67
75.50,-9.00
49.81,-54.06
54.26,-72.91
15.50,-30.50
23.50,-35.50
18.50,1.50
32.12,-64.23
31.48,-51.67
75.50,-9.00
49.81,-54.06
53.60,-84.79
15.50,-30.50
23.50,-35.50
18.50,1.50
32.12,-64.23
31.49,-51.68
75.50,-9.00
49.81,-54.06
55.20,-92.63
15.50,-30.50
23.50,-35.50
18.50,1.50
32.12,-64.23
31.49,-51.68
75.50,-9.00
49.81,-54.06
56.45,-78.89
15.50,-30.50
23.50,-35.50
18.50,1.50
32.12,-64.23
31.49,-51.68
75.50,-9.00
49.81,-54.06
59.19,-74.66
15.50,-30.50
23.50,-35.50
18.50,1.50
32.12,-64.23
31.49,-51.68
75.50,-9.00
49.81,-54.06
46.55,-69.98
15.50,-30.50
23.50,-35.50
18.50,1.50
32.12,-64.23
31.49,-51.68
75.50,-9.00
49.81,-54.06
38.15,-57.34
15.50,-30.50
23.50,-35.50
18.50,1.50
32.12,-64.23
31.49,-51.68
75.50,-9.00
49.81,-54.06
34.99,-38.65
15.50,-30.50
23.50,-35.50
18.50,1.50
32.12,-64.23
31.49,-51.68
75.50,-9.00
49.81,-54.06
21.27,-35.39
15.50,-30.50
23.50,-35.50
18.50,1.50
32.61,-66.08
31.49,-51.68
75.50,-9.00
49.81,-54.06
15.97,-38.75
15.50,-30.50
23.50,-35.50
18.50,1.50
32.11,-63.95
31.49,-51.68
75.50,-9.00
49.81,-54.06
25.40,-48.58
15.50,-30.50
23.50,-35.50
18.50,1.50
32.25,-64.54
31.49,-51.68
75.50,-9.00
49.81,-54.06
39.59,-58.41
15.50,-30.50
23.50,-35.50
18.50,1.50
32.28,-64.67
31.49,-51.68
75.50,-9.00
49.81,-54.06
47.05,-72.31
15.50,-30.50
23.50,-35.50
18.50,1.50
32.28,-64.73
31.49,-51.68
75.50,-9.00
49.81,-54.06
42.13,-77.89
15.50,-30.50
23.50,-35.50
18.50,1.50
32.28,-64.73
31.49,-51.68
75.50,-9.00
49.81,-54.06
42.97,-82.92
-10.28,-16.87
15.50,-30.50
23.50,-35.50
18.50,1.50
32.30,-64.72
31.49,-51.68
75.50,-9.00
42.97,-82.92
-2.41,-26.45
15.50,-30.50
23.50,-35.50
18.50,1.50
32.30,-64.72
31.49,-51.68
75.50,-9.00
42.97,-82.92
9.28,-31.21
15.50,-30.50
23.50,-35.50
18.50,1.50
32.30,-64.72
31.49,-51.68
75.50,-9.00
42.97,-82.92
17.52,-34.54
15.50,-30.50
23.50,-35.50
18.50,1.50
32.30,-64.72
31.49,-51.68
75.50,-9.00
42.97,-82.92
15.24,-25.47
15.50,-30.50
23.50,-35.50
18.50,1.50
32.30,-64.72
31.49,-51.68
75.50,-9.00
42.97,-82.92
16.40,-20.26
15.50,-30.50
23.50,-35.50
18.50,1.50
32.30,-64.72
31.49,-51.68
75.50,-9.00
42.97,-82.92
16.40,-20.17
15.50,-30.50
23.50,-35.50
18.50,1.50
32.30,-64.72
31.49,-51.68
75.50,-9.00
42.97,-82.92
16.40,-20.17
15.50,-30.50
23.50,-35.50
18.50,1.50
32.30,-64.72
31.49,-51.68
75.50,-9.00
42.97,-82.92
16.40,-20.17
15.50,-30.50
23.50,-35.50
18.50,1.50
32.30,-64.72
31.49,-51.68
75.50,-9.00
42.97,-82.92
16.40,-20.17
15.50,-30.50
23.50,-35.50
18.50,1.50
32.30,-64.72
31.49,-51.68
75.50,-9.00
42.97,-82.92
16.40,-20.17
15.50,-30.50
23.50,-35.50
18.50,1.50
32.30,-64.72
75.50,-9.00
42.97,-82.92
16.40,-20.17
15.50,-30.50
23.50,-35.50
18.50,1.50
32.30,-64.72
75.50,-9.00
42.97,-82.92
16.39,-20.17
15.50,-30.50
23.50,-35.50
18.50,1.50
32.31,-64.65
75.50,-9.00
42.97,-82.92
16.39,-20.17
15.50,-30.50
23.50,-35.50
18.50,1.50
31.32,-57.66
75.50,-9.00
42.97,-82.92
16.39,-20.17
15.50,-30.50
23.50,-35.50
18.50,1.50
32.90,-69.52
75.50,-9.00
42.97,-82.92
16.39,-20.17
15.50,-30.50
23.50,-35.50
18.50,1.50
32.74,-69.19
75.50,-9.00
42.97,-82.92
16.39,-20.17
15.50,-30.50
23.50,-35.50
18.50,1.50
32.71,-69.13
75.50,-9.00
42.97,-82.92
16.39,-20.17
15.50,-30.50
23.50,-35.50
18.50,1.50
32.71,-69.13
75.50,-9.00
42.98,-82.92
16.39,-20.17
15.50,-30.50
23.50,-35.50
18.50,1.50
32.71,-69.13
75.50,-9.00
42.98,-82.92
16.39,-20.17
15.50,-30.50
23.50,-35.50
18.50,1.50
32.71,-69.13
75.50,-9.00
42.98,-82.92
16.39,-20.17
15.50,-30.50
23.50,-35.50
18.50,1.50
32.55,-68.64
75.50,-9.00
42.98,-82.92
18.55,-19.11
15.50,-30.50
23.50,-35.50
18.50,1.50
32.55,-68.64
75.50,-9.00
42.98,-82.92
19.94,-28.73
15.50,-30.50
23.50,-35.50
18.50,1.50
32.61,-69.05
75.50,-9.00
42.98,-82.92
19.72,-17.30
15.50,-30.50
23.50,-35.50
18.50,1.50
32.64,-69.14
75.50,-9.00
42.98,-82.92
23.02,-11.55
15.50,-30.50
23.50,-35.50
18.50,1.50
32.64,-69.14
75.50,-9.00
42.98,-82.92
24.34,-5.19
15.50,-30.50
23.50,-35.50
18.50,1.50
32.64,-69.14
75.50,-9.00
42.98,-82.92
35.72,-0.30
15.50,-30.50
23.50,-35.50
18.50,1.50
32.64,-69.14
75.50,-9.00
42.98,-82.92
44.46,1.27
15.50,-30.50
23.50,-35.50
18.50,1.50
32.64,-69.14
75.50,-9.00
42.98,-82.92
51.77,3.92
15.50,-30.50
23.50,-35.50
18.50,1.50
32.67,-69.36
75.50,-9.00
42.98,-82.92
15.50,-30.50
23.50,-35.50
18.50,1.50
32.64,-69.17
75.50,-9.00
42.98,-82.92
70.40,-5.77
15.50,-30.50
23.50,-35.50
18.50,1.50
32.64,-69.17
75.50,-9.00
42.98,-82.92
15.50,-30.50
23.50,-35.50
18.50,1.50
32.64,-69.17
75.50,-9.00
42.98,-82.92
15.50,-30.50
23.50,-35.50
18.50,1.50
32.64,-69.17
75.50,-9.00
42.98,-82.92
15.50,-30.50
23.50,-35.50
18.50,1.50
32.64,-69.17
75.50,-9.00
42.98,-82.92
91.59,-26.52
15.50,-30.50
23.50,-35.50
18.50,1.50
32.39,-67.27
75.50,-9.00
42.98,-82.92
15.50,-30.50
23.50,-35.50
18.50,1.50
32.36,-67.05
75.50,-9.00
42.98,-82.92
15.50,-30.50
23.50,-35.50
18.50,1.50
32.36,-67.05
75.50,-9.00
42.98,-82.92
15.50,-30.50
23.50,-35.50
18.50,1.50
32.36,-67.05
75.50,-9.00
42.98,-82.92
15.50,-30.50
23.50,-35.50
18.50,1.50
32.36,-67.05
75.50,-9.00
42.98,-82.92
-4.04,-38.47
15.50,-30.50
23.50,-35.50
18.50,1.50
32.36,-67.05
75.50,-9.00
42.98,-82.92
15.50,-30.50
23.50,-35.50
18.50,1.50
32.36,-67.05
75.50,-9.00
42.98,-82.92
15.50,-30.50
23.50,-35.50
18.50,1.50
32.86,-70.68
75.50,-9.00
42.98,-82.92
15.50,-30.50
23.50,-35.50
18.50,1.50
32.48,-67.90
75.50,-9.00
42.98,-82.92
15.50,-30.50
23.50,-35.50
18.50,1.50
32.47,-67.85
75.50,-9.00
42.98,-82.92
15.50,-30.50
23.50,-35.50
18.50,1.50
32.57,-68.54
75.50,-9.00
44.32,-81.45
15.50,-30.50
23.50,-35.50
18.50,1.50
32.51,-68.18
75.50,-9.00
54.61,-72.10
15.50,-30.50
23.50,-35.50
18.50,1.50
32.70,-69.56
75.50,-9.00
56.90,-78.38
15.50,-30.50
23.50,-35.50
18.50,1.50
32.99,-71.75
75.50,-9.00
54.21,-92.59
15.50,-30.50
23.50,-35.50
18.50,1.50
32.59,-68.71
75.50,-9.00
48.44,-98.82
15.50,-30.50
23.50,-35.50
18.50,1.50
33.06,-72.11
75.50,-9.00
35.08,-100.35
15.50,-30.50
23.50,-35.50
18.50,1.50
32.67,-69.46
75.50,-9.00
36.48,-92.34
15.50,-30.50
23.50,-35.50
18.50,1.50
32.51,-68.21
75.50,-9.00
50.32,-85.99
15.50,-30.50
23.50,-35.50
18.50,1.50
32.51,-68.18
75.50,-9.00
59.86,-75.50
15.50,-30.50
23.50,-35.50
18.50,1.50
32.51,-68.18
75.50,-9.00
72.86,-69.66
15.50,-30.50
23.50,-35.50
18.50,1.50
32.51,-68.18
75.50,-9.00
84.72,-73.67
15.50,-30.50
23.50,-35.50
18.50,1.50
32.51,-68.18
75.50,-9.00
82.29,-72.33
15.50,-30.50
23.50,-35.50
18.50,1.50
32.51,-68.18
75.50,-9.00
82.29,-72.33
15.50,-30.50
23.50,-35.50
18.50,1.50
30.32,-60.69
75.50,-9.00
82.29,-72.33
15.50,-30.50
23.50,-35.50
18.50,1.50
14.21,-40.32
75.50,-9.00
82.29,-72.33
15.50,-30.50
23.50,-35.50
18.50,1.50
19.41,-35.68
75.50,-9.00
82.29,-72.33
15.50,-30.50
23.50,-35.50
18.50,1.50
23.48,-35.61
75.50,-9.00
82.29,-72.33
15.50,-30.50
23.50,-35.50
18.50,1.50
23.54,-35.61
75.50,-9.00
82.29,-72.33
15.50,-30.50
23.50,-35.50
18.50,1.50
23.57,-35.61
75.50,-9.00
82.29,-72.33
15.50,-30.50
23.50,-35.50
18.50,1.50
23.57,-35.61
75.50,-9.00
82.29,-72.33
15.50,-30.50
23.50,-35.50
18.50,1.50
23.57,-35.61
75.50,-9.00
82.29,-72.33
15.50,-30.50
23.50,-35.50
18.50,1.50
23.57,-35.61
75.50,-9.00
82.29,-72.33
73.88,-82.72
15.50,-30.50
23.50,-35.50
18.50,1.50
23.57,-35.61
75.50,-9.00
82.29,-72.33
49.53,-76.17
15.50,-30.50
23.50,-35.50
18.50,1.50
23.57,-35.61
75.50,-9.00
82.29,-72.33
38.88,-85.94
15.50,-30.50
23.50,-35.50
18.50,1.50
23.57,-35.61
75.50,-9.00
82.29,-72.33
29.79,-95.69
15.50,-30.50
23.50,-35.50
18.50,1.50
23.57,-35.61
75.50,-9.00
82.29,-72.33
24.23,-109.64
15.50,-30.50
23.50,-35.50
18.50,1.50
23.57,-35.61
75.50,-9.00
82.29,-72.33
15.50,-30.50
23.50,-35.50
18.50,1.50
23.57,-35.61
75.50,-9.00
82.29,-72.33
15.50,-30.50
23.50,-35.50
18.50,1.50
23.57,-35.61
75.50,-9.00
82.29,-72.33
15.50,-30.50
23.50,-35.50
18.50,1.50
23.57,-35.61
75.50,-9.00
82.29,-72.33
21.98,-39.74
15.50,-30.50
23.50,-35.50
18.50,1.50
23.57,-35.61
75.50,-9.00
82.29,-72.33
22.25,-35.06
15.50,-30.50
23.50,-35.50
18.50,1.50
23.10,-35.65
75.50,-9.00
82.29,-72.33
22.25,-35.03
15.50,-30.50
23.50,-35.50
18.50,1.50
22.42,-35.73
75.50,-9.00
82.29,-72.33
22.25,-35.03
-8.50,-18.81
15.50,-30.50
23.50,-35.50
18.50,1.50
19.95,-36.18
75.50,-9.00
82.29,-72.33
22.25,-35.03
-2.56,-21.75
15.50,-30.50
23.50,-35.50
18.50,1.50
19.89,-36.18
75.50,-9.00
82.29,-72.33
22.25,-35.03
-4.22,-9.69
-2.56,-21.75
15.50,-30.50
23.50,-35.50
18.50,1.50
19.77,-36.18
75.50,-9.00
82.29,-72.33
22.25,-35.03
6.73,-15.18
10.70,-27.57
15.50,-30.50
23.50,-35.50
18.50,1.50
19.77,-36.18
75.50,-9.00
82.29,-72.33
22.25,-35.03
11.50,-17.75
47.98,-39.47
15.50,-30.50
23.50,-35.50
18.50,1.50
19.77,-36.18
75.50,-9.00
82.29,-72.33
22.25,-35.03
18.89,-25.50
54.57,-42.03
15.50,-30.50
23.50,-35.50
18.50,1.50
19.77,-36.18
75.50,-9.00
82.29,-72.33
22.25,-35.03
18.38,-30.91
59.92,-44.38
15.50,-30.50
23.50,-35.50
18.50,1.50
19.77,-36.18
75.50,-9.00
82.29,-72.33
22.25,-35.03
23.74,-37.10
60.69,-44.72
15.50,-30.50
23.50,-35.50
18.50,1.50
19.77,-36.18
75.50,-9.00
82.29,-72.33
22.25,-35.03
33.35,-31.12
60.75,-44.75
15.50,-30.50
23.50,-35.50
18.50,1.50
19.77,-36.18
75.50,-9.00
82.29,-72.33
22.25,-35.03
31.00,-19.09
60.75,-44.75
15.50,-30.50
23.50,-35.50
18.50,1.50
19.77,-36.18
75.50,-9.00
76.25,-71.19
22.25,-35.03
25.83,-29.30
62.38,-44.75
15.50,-30.50
23.50,-35.50
18.50,1.50
19.77,-36.18
75.50,-9.00
73.20,-68.48
22.25,-35.03
29.53,-41.17
41.42,-51.35
15.50,-30.50
23.50,-35.50
18.50,1.50
19.77,-36.18
75.50,-9.00
67.65,-68.14
22.25,-35.03
28.68,-43.25
36.86,-52.29
15.50,-30.50
23.50,-35.50
18.50,1.50
19.77,-36.18
75.50,-9.00
73.64,-69.50
22.25,-35.03
28.53,-32.26
36.70,-52.29
15.50,-30.50
23.50,-35.50
18.50,1.50
19.77,-36.18
75.50,-9.00
65.23,-70.36
18.82,3.53
22.25,-35.03
33.09,-26.98
36.60,-52.29
-20.77,-59.85
15.50,-30.50
23.50,-35.50
18.50,1.50
19.77,-36.18
75.50,-9.00
61.95,-68.98
18.82,3.53
24.75,-46.86
40.52,-18.20
36.75,-50.53
-11.15,-74.21
15.50,-30.50
23.50,-35.50
18.50,1.50
19.77,-36.18
75.50,-9.00
49.26,-76.42
18.82,3.53
35.65,-47.16
47.25,-24.41
42.70,-33.85
-12.36,-81.66
15.50,-30.50
23.50,-35.50
18.50,1.50
19.77,-36.18
75.50,-9.00
36.91,-84.38
21.91,2.84
42.15,-34.81
54.71,-32.45
49.42,-19.29
15.50,-30.50
23.50,-35.50
18.50,1.50
20.71,-36.02
75.50,-9.00
31.80,-91.05
35.37,0.44
47.47,-23.10
57.60,-35.86
15.50,-30.50
23.50,-35.50
18.50,1.50
23.36,-41.08
75.50,-9.00
34.17,-103.18
49.13,1.24
47.61,-26.09
60.44,-37.73
15.50,-30.50
23.50,-35.50
18.50,1.50
27.40,-49.31
75.50,-9.00
44.74,-97.49
43.31,-23.46
63.35,-41.63
15.50,-30.50
23.50,-35.50
18.50,1.50
33.42,-65.10
75.50,-9.00
55.43,-93.95
66.19,-0.69
41.31,-17.75
67.65,-47.42
15.50,-30.50
23.50,-35.50
18.50,1.50
33.16,-66.05
75.50,-9.00
56.19,-80.24
70.80,-5.04
39.94,-14.89
71.00,-59.70
-17.66,-39.44
15.50,-30.50
23.50,-35.50
18.50,1.50
33.16,-66.05
75.50,-9.00
59.04,-73.75
32.36,-15.66
73.62,-68.65
-12.95,-26.58
-10.35,-85.12
19.72,-15.61
15.50,-30.50
23.50,-35.50
18.50,1.50
25.21,-46.31
75.50,-9.00
59.04,-73.75
24.47,-15.59
82.61,-73.94
-9.32,-16.27
-3.69,-79.60
60.87,-22.04
15.50,-30.50
23.50,-35.50
18.50,1.50
16.39,-34.18
75.50,-9.00
54.66,-73.63
15.37,3.50
22.43,-4.73
-2.85,-19.98
-2.70,-72.75
88.34,-51.26
15.50,-30.50
23.50,-35.50
18.50,1.50
10.47,-30.06
75.50,-9.00
51.22,-71.44
7.53,-27.18
-8.41,-69.78
23.87,-2.68
15.50,-30.50
23.50,-35.50
18.50,1.50
-2.54,-26.40
75.50,-9.00
51.22,-71.44
17.18,-37.94
-9.04,-68.47
56.66,-30.61
2.43,-23.40
15.50,-30.50
23.50,-35.50
18.50,1.50
2.43,-29.07
75.50,-9.00
51.22,-71.44
20.49,-51.46
-14.46,-65.50
85.66,-59.15
28.76,-44.67
15.50,-30.50
23.50,-35.50
18.50,1.50
14.58,-34.71
75.50,-9.00
51.22,-71.44
21.59,-61.95
-14.56,-65.50
42.09,-62.24
15.50,-30.50
23.50,-35.50
18.50,1.50
20.44,-38.43
75.50,-9.00
51.22,-71.44
24.54,-69.78
-7.74,-68.88
49.92,-70.05
15.50,-30.50
23.50,-35.50
18.50,1.50
19.93,-37.07
75.50,-9.00
51.22,-71.44
27.77,-71.89
56.39,-71.19
15.50,-30.50
23.50,-35.50
18.50,1.50
19.66,-35.86
75.50,-9.00
51.22,-71.44
28.02,-74.95
50.64,-70.99
15.50,-30.50
23.50,-35.50
18.50,1.50
21.28,-36.11
75.50,-9.00
51.22,-71.44
27.72,-81.07
50.17,-70.62
15.50,-30.50
23.50,-35.50
18.50,1.50
22.08,-35.33
75.50,-9.00
51.22,-71.44
15.83,-8.81
26.82,-75.63
50.71,-71.10
15.50,-30.50
23.50,-35.50
18.50,1.50
21.88,-35.37
75.50,-9.00
51.22,-71.44
19.50,-21.50
31.23,-76.15
50.38,-70.78
15.50,-30.50
23.50,-35.50
18.50,1.50
21.88,-35.37
75.50,-9.00
51.22,-71.44
18.50,-20.50
24.12,-76.88
49.70,-70.20
15.50,-30.50
23.50,-35.50
18.50,1.50
21.88,-35.37
75.50,-9.00
51.23,-71.46
18.50,-19.50
27.38,-78.77
50.58,-70.98
15.50,-30.50
23.50,-35.50
18.50,1.50
21.88,-35.37
75.50,-9.00
51.23,-71.46
20.50,-21.50
28.78,-76.39
50.82,-71.16
-5.53,-12.87
15.50,-30.50
23.50,-35.50
18.50,1.50
21.88,-35.37
75.50,-9.00
51.23,-71.46
20.50,-20.50
28.20,-78.44
50.91,-71.25
6.37,-16.23
15.50,-30.50
23.50,-35.50
18.50,1.50
21.88,-35.37
75.50,-9.00
51.23,-71.46
20.16,-19.98
67.24,-7.39
26.43,-76.86
51.02,-71.33
18.61,-19.38
15.50,-30.50
23.50,-35.50
18.50,1.50
21.88,-35.32
75.50,-9.00
51.23,-71.46
10.26,-25.13
72.10,-17.63
29.76,-78.50
50.39,-70.85
16.61,-21.24
15.50,-30.50
23.50,-35.50
18.50,1.50
21.88,-35.32
75.50,-9.00
51.23,-71.46
-3.50,-27.50
78.88,-22.66
25.45,-79.31
49.89,-70.48
5.04,-26.80
